,UNIQUE_KEY,ROLL_YEAR,ROLL_NUMBER,ADDRESS,ASSESSED_VALUE,ASSESSMENT_CLASS,ASSESSMENT_CLASS_DESCRIPTION,RE_ASSESSED_VALUE,NR_ASSESSED_VALUE,FL_ASSESSED_VALUE,COMM_CODE,COMM_NAME,LATITUDE,LONGITUDE,location
0,2018202578498,2018,202578498,#3000 6118 80 AV NE,194000,RE,Residential,194000.0,0.0,0.0,SAD,Saddle Ridge,51.1259170586386,-113.94725678468001,"(51.1259170586386, -113.94725678468)"
1,2018202587994,2018,202587994,#164V 624 8 AV SE,35000,RE,Residential,35000.0,0.0,0.0,DNE,Downtown East Village,51.045423955637894,-114.04949245496901,"(51.0454239556379, -114.049492454969)"
2,2018202570727,2018,202570727,310 12 AV SW,238000,RE,Residential,238000.0,0.0,0.0,BLN,Beltline,51.041889608466995,-114.068790061952,"(51.041889608467, -114.068790061952)"
3,2018202346185,2018,202346185,1685 CORNERSTONE BV NE,241000,RE,Residential,241000.0,0.0,0.0,CNS,Cornerstone,51.163718295448,-113.93866257703999,"(51.163718295448, -113.93866257704)"
4,2018032030306,2018,32030306,3601 21 ST NE,3510000,NR,Non-Residential,0.0,3510000.0,0.0,NAW,North Airways,51.0843260956051,-114.009192193436,"(51.0843260956051, -114.009192193436)"
5,2018202530267,2018,202530267,102 2 ST SW,602500,RE,Residential,602500.0,0.0,0.0,CHN,Chinatown,51.053662723844496,-114.06677481504101,"(51.0536627238445, -114.066774815041)"
6,2018202271466,2018,202271466,#1601 355 NOLANCREST HT NW,255000,RE,Residential,255000.0,0.0,0.0,NOL,Nolan Hill,51.1749992562965,-114.168280333998,"(51.1749992562965, -114.168280333998)"
7,2018202439725,2018,202439725,94 LEGACY WOODS PL SE,354500,RE,Residential,354500.0,0.0,0.0,LEG,Legacy,50.8560699986141,-114.00972847437401,"(50.8560699986141, -114.009728474374)"
8,2018202245767,2018,202245767,782 WALDEN DR SE,332000,RE,Residential,332000.0,0.0,0.0,WAL,Walden,50.867842309602395,-114.033445292582,"(50.8678423096024, -114.033445292582)"
9,2018202351508,2018,202351508,207 EVANSGLEN CI NW,322500,RE,Residential,322500.0,0.0,0.0,EVN,Evanston,51.1787453726042,-114.102206531291,"(51.1787453726042, -114.102206531291)"
10,2018202337887,2018,202337887,10531 CITYSCAPE DR NE,227000,RE,Residential,227000.0,0.0,0.0,CSC,Cityscape,51.1479380187506,-113.96594850522101,"(51.1479380187506, -113.965948505221)"
11,2018201268877,2018,201268877,#201 1907 5A ST SW,204000,RE,Residential,204000.0,0.0,0.0,CLI,Cliff Bungalow,51.035980408807404,-114.075942525946,"(51.0359804088074, -114.075942525946)"
12,2018057048803,2018,57048803,619 9 AV NE,549500,RE,Residential,549500.0,0.0,0.0,REN,Renfrew,51.0603468121639,-114.049647782482,"(51.0603468121639, -114.049647782482)"
13,2018201904109,2018,201904109,19605 72 ST SE,17760,FL,Farm land,,,17760.0,12F,12F,50.8754350367726,-113.93200484379,"(50.8754350367726, -113.93200484379)"
14,2018019123603,2018,19123603,4729 DALHOUSIE DR NW,226000,NR,Non-residential,,226000.0,,DAL,DALHOUSIE,51.1042091937055,-114.15659305512,"(51.1042091937055, -114.15659305512)"
15,2018045027901,2018,45027901,730 16 AV NW,5830000,NR,Non-residential,,5830000.0,,MOP,MOUNT PLEASANT,51.067224110104,-114.078224308363,"(51.067224110104, -114.078224308363)"
16,2018046116109,2018,46116109,2408 4 ST NW,949000,NR,Non-residential,,949000.0,,MOP,MOUNT PLEASANT,51.073928127646596,-114.071161485277,"(51.0739281276466, -114.071161485277)"
17,2018057252207,2018,57252207,125 CRESCENT RD NW,54000,NR,Non-residential,,54000.0,,SSD,SUNNYSIDE,51.0574545387694,-114.064814613992,"(51.0574545387694, -114.064814613992)"
18,2018067240804,2018,67240804,495 7 AV SW,9270000,NR,Non-residential,,9270000.0,,DNC,DOWNTOWN COMMERCIAL CORE,51.046258753945104,-114.07150329393801,"(51.0462587539451, -114.071503293938)"
19,2018069009108,2018,69009108,1015 11 ST SE,2180000,NR,Non-residential,457800.0,1722200.0,,ING,INGLEWOOD,51.040375553610296,-114.03708409454399,"(51.0403755536103, -114.037084094544)"
20,2018073237802,2018,73237802,6135 5 AV SE,21500,NR,Non-residential,,21500.0,,PEN,PENBROOKE MEADOWS,51.04766482046799,-113.944683546225,"(51.047664820468, -113.944683546225)"
21,2018081064909,2018,81064909,2619 14 ST SW,1430000,NR,Non-residential,,1430000.0,,BNK,BANKVIEW,51.0307086489835,-114.095075731374,"(51.0307086489835, -114.095075731374)"
22,2018113000640,2018,113000640,7110 15 ST SE,1360000,NR,Non-residential,,1360000.0,,BUR,BURNS INDUSTRIAL,50.9920292824309,-114.02715463647101,"(50.9920292824309, -114.027154636471)"
23,2018165064502,2018,165064502,1180R STRATHCONA DR SW,14400,NR,Non-residential,,14400.0,,STR,STRATHCONA PARK,51.047261659868,-114.190063930534,"(51.047261659868, -114.190063930534)"
24,2018200304566,2018,200304566,676R COPPERFIELD BV SE,1020000,NR,Non-residential,,1020000.0,,CPF,COPPERFIELD,50.9096204804073,-113.942279425151,"(50.9096204804073, -113.942279425151)"
25,2018200677243,2018,200677243,126V 602 12 AV SW,26500,NR,Non-residential,,26500.0,,BLN,BELTLINE,51.042022262578,-114.074715105607,"(51.042022262578, -114.074715105607)"
26,2018200847440,2018,200847440,1150 4818 WESTWINDS DR NE,370500,NR,Non-residential,,370500.0,,WES,WESTWINDS,51.100949307409,-113.965001576733,"(51.100949307409, -113.965001576733)"
27,2018200885242,2018,200885242,4 CRESTMONT WY SW,34000,NR,Non-residential,,34000.0,,CRM,CRESTMONT,51.083961428110506,-114.262985802113,"(51.0839614281105, -114.262985802113)"
28,2018201259447,2018,201259447,950 396 11 AV SW,827000,NR,Non-residential,,827000.0,,BLN,BELTLINE,51.0428758866036,-114.07106116408701,"(51.0428758866036, -114.071061164087)"
29,2018201408168,2018,201408168,710 5075 FALCONRIDGE BV NE,462000,NR,Non-residential,,462000.0,,WES,WESTWINDS,51.0970475583927,-113.962693815079,"(51.0970475583927, -113.962693815079)"
30,2018201499381,2018,201499381,7820 18 ST SE,600000,NR,Non-residential,,600000.0,,OGD,OGDEN,50.9825186800853,-114.01452537407499,"(50.9825186800853, -114.014525374075)"
31,2018201717709,2018,201717709,50 ASPEN SUMMIT GR SW,560000,NR,Non-residential,,560000.0,,ASP,ASPEN WOODS,51.048490624268105,-114.200582853427,"(51.0484906242681, -114.200582853427)"
32,2018201741295,2018,201741295,360 NOLANFIELD WY NW,234000,NR,Non-residential,,234000.0,,NOL,NOLAN HILL,51.1780553237341,-114.161043879624,"(51.1780553237341, -114.161043879624)"
33,2018202010328,2018,202010328,209V 1110 3 AV NW,14500,NR,Non-residential,,14500.0,,HIL,HILLHURST,51.0556243320866,-114.086636578426,"(51.0556243320866, -114.086636578426)"
34,2018202113759,2018,202113759,11080 50 ST SE,3330000,NR,Non-residential,,3330000.0,,ESH,EAST SHEPARD INDUSTRIAL,50.9545300749327,-113.96012587378799,"(50.9545300749327, -113.960125873788)"
35,2018202492369,2018,202492369,4620 16 AV NW,1880000,NR,Non-residential,,1880000.0,,MON,MONTGOMERY,51.0710437815508,-114.161583686236,"(51.0710437815508, -114.161583686236)"
36,2018441057601,2018,441057601,3 CITADEL PA NW,374000,NR,Non-residential,,374000.0,,CIT,CITADEL,51.1420683326164,-114.174031660754,"(51.1420683326164, -114.174031660754)"
37,2018759007503,2018,759007503,32 SHAWBROOKE GR SW,118000,NR,Non-residential,,118000.0,,SHN,SHAWNESSY,50.9065116910941,-114.095676890421,"(50.9065116910941, -114.095676890421)"
38,2018005050901,2018,5050901,27 MARTINGROVE CO NE,305000,RE,Residential,305000.0,,,MRT,MARTINDALE,51.1114353833549,-113.947521371677,"(51.1114353833549, -113.947521371677)"
39,2018005072905,2018,5072905,55 TARARIDGE PL NE,389000,RE,Residential,389000.0,,,TAR,TARADALE,51.1129499398384,-113.94225677639,"(51.1129499398384, -113.94225677639)"
40,2018006094007,2018,6094007,50 MARTINPARK WY NE,317500,RE,Residential,317500.0,,,MRT,MARTINDALE,51.11457898571339,-113.969927377174,"(51.1145789857134, -113.969927377174)"
41,2018006501886,2018,6501886,105 7707 MARTHA'S HAVEN PA NE,268000,RE,Residential,268000.0,,,MRT,MARTINDALE,51.1223913873975,-113.96812090090499,"(51.1223913873975, -113.968120900905)"
42,2018010090504,2018,10090504,148 HUNTWICK WY NE,419000,RE,Residential,419000.0,,,HUN,HUNTINGTON HILLS,51.1236480832755,-114.060894411609,"(51.1236480832755, -114.060894411609)"
43,2018010144954,2018,10144954,6634 HUNTRIDGE HL NE,324500,RE,Residential,324500.0,,,HUN,HUNTINGTON HILLS,51.113228910374794,-114.06002862184299,"(51.1132289103748, -114.060028621843)"
44,2018010149508,2018,10149508,407 72 AV NE,366500,RE,Residential,366500.0,,,HUN,HUNTINGTON HILLS,51.1175785644489,-114.059186485084,"(51.1175785644489, -114.059186485084)"
45,2018011114303,2018,11114303,1036 78 AV NW,398500,RE,Residential,398500.0,,,HUN,HUNTINGTON HILLS,51.122235291647904,-114.08182315889401,"(51.1222352916479, -114.081823158894)"
46,2018011135803,2018,11135803,7724 HUNTERBURN HL NW,429000,RE,Residential,429000.0,,,HUN,HUNTINGTON HILLS,51.12057393840839,-114.088661731067,"(51.1205739384084, -114.088661731067)"
47,2018014133912,2018,14133912,4 EDGEWOOD RI NW,346000,RE,Residential,346000.0,,,EDG,EDGEMONT,51.1228830147744,-114.154513180544,"(51.1228830147744, -114.154513180544)"
48,2018015090004,2018,15090004,771 RANCHVIEW CI NW,405500,RE,Residential,405500.0,,,RAN,RANCHLANDS,51.114940095656,-114.18446422998899,"(51.114940095656, -114.184464229989)"
49,2018015111107,2018,15111107,263 RANCH ESTATES DR NW,561000,RE,Residential,561000.0,,,RAN,RANCHLANDS,51.121361294038294,-114.17469831417,"(51.1213612940383, -114.17469831417)"
50,2018015200009,2018,15200009,112 HAWKCLIFF WY NW,375000,RE,Residential,375000.0,,,HAW,HAWKWOOD,51.1235946153265,-114.16539766167101,"(51.1235946153265, -114.165397661671)"
51,2018015205800,2018,15205800,79 HAWKCLIFF WY NW,571000,RE,Residential,571000.0,,,HAW,HAWKWOOD,51.1225515083702,-114.16600883938801,"(51.1225515083702, -114.166008839388)"
52,2018015505100,2018,15505100,10 6915 RANCHVIEW DR NW,229000,RE,Residential,229000.0,,,RAN,RANCHLANDS,51.1181818885139,-114.177230867118,"(51.1181818885139, -114.177230867118)"
53,2018017024308,2018,17024308,6047 SILVER RIDGE DR NW,480500,RE,Residential,480500.0,,,SIL,SILVER SPRINGS,51.1067365688727,-114.19841101243601,"(51.1067365688727, -114.198411012436)"
54,2018017101809,2018,17101809,8467 62 AV NW,449000,RE,Residential,449000.0,,,SIL,SILVER SPRINGS,51.108478824465706,-114.209883869635,"(51.1084788244657, -114.209883869635)"
55,2018019040401,2018,19040401,72 DALROY CR NW,517000,RE,Residential,517000.0,,,DAL,DALHOUSIE,51.1051385434727,-114.143117856492,"(51.1051385434727, -114.143117856492)"
56,2018019503101,2018,19503101,32 5400 DALHOUSIE DR NW,381000,RE,Residential,381000.0,,,DAL,DALHOUSIE,51.1092785722555,-114.16253337609,"(51.1092785722555, -114.16253337609)"
57,2018019553700,2018,19553700,705 5204 DALTON DR NW,168000,RE,Residential,168000.0,,,DAL,DALHOUSIE,51.100513440286996,-114.150006347344,"(51.100513440287, -114.150006347344)"
58,2018022034706,2018,22034706,37 NORTHMOUNT CR NW,406500,RE,Residential,406500.0,,,THO,THORNCLIFFE,51.1005346398178,-114.077190680567,"(51.1005346398178, -114.077190680567)"
59,2018022112700,2018,22112700,331 NORSEMAN RD NW,504000,RE,Residential,504000.0,,,NHU,NORTH HAVEN UPPER,51.1015978110788,-114.088479814737,"(51.1015978110788, -114.088479814737)"
60,2018022117808,2018,22117808,316 NORSEMAN RD NW,529500,RE,Residential,529500.0,,,NHU,NORTH HAVEN UPPER,51.1022022852384,-114.08915385003799,"(51.1022022852384, -114.089153850038)"
61,2018023072507,2018,23072507,440 THORNHILL PL NW,413500,RE,Residential,413500.0,,,THO,THORNCLIFFE,51.09747738455751,-114.07039610272601,"(51.0974773845575, -114.070396102726)"
62,2018023127400,2018,23127400,6304 TREGILLUS ST NW,430500,RE,Residential,430500.0,,,THO,THORNCLIFFE,51.1083029357275,-114.066340452782,"(51.1083029357275, -114.066340452782)"
63,2018028066603,2018,28066603,16 FALWORTH PL NE,350000,RE,Residential,350000.0,,,FAL,FALCONRIDGE,51.100330238213104,-113.94985655830799,"(51.1003302382131, -113.949856558308)"
64,2018028160109,2018,28160109,15 CASTLEPARK WY NE,292500,RE,Residential,292500.0,,,CAS,CASTLERIDGE,51.107068863535005,-113.952609903953,"(51.107068863535, -113.952609903953)"
65,2018028182400,2018,28182400,128 FALTON CL NE,312500,RE,Residential,312500.0,,,FAL,FALCONRIDGE,51.103563086025,-113.939495101629,"(51.103563086025, -113.939495101629)"
66,2018030002208,2018,30002208,5111 WHITESTONE RD NE,367500,RE,Residential,367500.0,,,WHI,WHITEHORN,51.08398981146421,-113.95914519395001,"(51.0839898114642, -113.95914519395)"
67,2018030005409,2018,30005409,5019 WHITESTONE WY NE,350500,RE,Residential,350500.0,,,WHI,WHITEHORN,51.0823638227861,-113.961244325355,"(51.0823638227861, -113.961244325355)"
68,2018030063200,2018,30063200,128 WHITEHORN RD NE,412500,RE,Residential,412500.0,,,WHI,WHITEHORN,51.086001749090606,-113.967142537934,"(51.0860017490906, -113.967142537934)"
69,2018030118400,2018,30118400,4706 44 AV NE,262500,RE,Residential,262500.0,,,WHI,WHITEHORN,51.0920264700749,-113.96396782431499,"(51.0920264700749, -113.963967824315)"
70,2018030130058,2018,30130058,125 WHITEWOOD PL NE,280500,RE,Residential,280500.0,,,WHI,WHITEHORN,51.0937130773536,-113.964132475284,"(51.0937130773536, -113.964132475284)"
71,2018030310700,2018,30310700,4634 43 ST NE,413500,RE,Residential,413500.0,,,WHI,WHITEHORN,51.0942153715931,-113.973307335115,"(51.0942153715931, -113.973307335115)"
72,2018036003903,2018,36003903,4220 CHIPPEWA RD NW,753000,RE,Residential,753000.0,,,CHW,CHARLESWOOD,51.091709952345504,-114.112044139976,"(51.0917099523455, -114.112044139976)"
73,2018036022309,2018,36022309,4004 COMANCHE RD NW,2070000,RE,Residential,2070000.0,,,COL,COLLINGWOOD,51.087392807871105,-114.0980512738,"(51.0873928078711, -114.0980512738)"
74,2018036025807,2018,36025807,4007 COMANCHE RD NW,804000,RE,Residential,804000.0,,,COL,COLLINGWOOD,51.087466978848106,-114.098843089879,"(51.0874669788481, -114.098843089879)"
75,2018036025906,2018,36025906,4011 COMANCHE RD NW,853000,RE,Residential,853000.0,,,COL,COLLINGWOOD,51.087634052051,-114.098842841625,"(51.087634052051, -114.098842841625)"
76,2018036084606,2018,36084606,2336 CHICOUTIMI DR NW,544000,RE,Residential,544000.0,,,CHW,CHARLESWOOD,51.0867204386925,-114.115129117678,"(51.0867204386925, -114.115129117678)"
77,2018037001203,2018,37001203,2936 BRENTWOOD BV NW,574500,RE,Residential,574500.0,,,BRE,BRENTWOOD,51.0895929461553,-114.126929601372,"(51.0895929461553, -114.126929601372)"
78,2018037009206,2018,37009206,3016 BEIL AV NW,572500,RE,Residential,572500.0,,,BRE,BRENTWOOD,51.090619033043396,-114.127065320569,"(51.0906190330434, -114.127065320569)"
79,2018037054509,2018,37054509,292 CARRAGANA CR NW,647500,RE,Residential,647500.0,,,CHW,CHARLESWOOD,51.0931154563154,-114.118569295564,"(51.0931154563154, -114.118569295564)"
80,2018038056404,2018,38056404,4600 53 ST NW,533500,RE,Residential,533500.0,,,VAR,VARSITY,51.093566960374204,-114.16414391982599,"(51.0935669603742, -114.164143919826)"
81,2018039003009,2018,39003009,6344 33 AV NW,435500,RE,Residential,435500.0,,,BOW,BOWNESS,51.082680864808395,-114.178357298757,"(51.0826808648084, -114.178357298757)"
82,2018040098808,2018,40098808,7923 36 AV NW,437000,RE,Residential,437000.0,,,BOW,BOWNESS,51.08636930100761,-114.20116327772,"(51.0863693010076, -114.20116327772)"
83,2018040181109,2018,40181109,7731 34 AV NW,389000,RE,Residential,389000.0,,,BOW,BOWNESS,51.0839794337586,-114.19892618200001,"(51.0839794337586, -114.198926182)"
84,2018040181208,2018,40181208,7727 34 AV NW,400000,RE,Residential,400000.0,,,BOW,BOWNESS,51.08389738624229,-114.198774242496,"(51.0838973862423, -114.198774242496)"
85,2018042045500,2018,42045500,4515 22 AV NW,430000,RE,Residential,430000.0,,,MON,MONTGOMERY,51.072820901223295,-114.153902452298,"(51.0728209012233, -114.153902452298)"
86,2018042053702,2018,42053702,5016 21 AV NW,465500,RE,Residential,465500.0,,,MON,MONTGOMERY,51.0785347751529,-114.162329122698,"(51.0785347751529, -114.162329122698)"
87,2018042055301,2018,42055301,5003 22 AV NW,416000,RE,Residential,416000.0,,,MON,MONTGOMERY,51.078467469882405,-114.161443441817,"(51.0784674698824, -114.161443441817)"
88,2018043520808,2018,43520808,603 2011 UNIVERSITY DR NW,243500,RE,Residential,243500.0,,,UNI,UNIVERSITY HEIGHTS,51.070747884796,-114.12559596579099,"(51.070747884796, -114.125595965791)"
89,2018044001758,2018,44001758,1511A 24 AV NW,414000,RE,Residential,414000.0,,,CAP,CAPITOL HILL,51.0739921674117,-114.09559559230499,"(51.0739921674117, -114.095595592305)"
90,2018045120938,2018,45120938,1408 18 AV NW,398000,RE,Residential,398000.0,,,CAP,CAPITOL HILL,51.0689999118427,-114.092781720926,"(51.0689999118427, -114.092781720926)"
91,2018045192309,2018,45192309,3103 5A ST NW,847500,RE,Residential,847500.0,,,MOP,MOUNT PLEASANT,51.07975237849279,-114.076222152125,"(51.0797523784928, -114.076222152125)"
92,2018046126207,2018,46126207,135 25 AV NE,580000,RE,Residential,580000.0,,,TUX,TUXEDO PARK,51.0749101417111,-114.06040493301201,"(51.0749101417111, -114.060404933012)"
93,2018050100908,2018,50100908,704 RUNDLERIDGE DR NE,371500,RE,Residential,371500.0,,,RUN,RUNDLE,51.070397767817894,-113.97499745155399,"(51.0703977678179, -113.974997451554)"
94,2018050111806,2018,50111806,4867 RUNDLEWOOD DR NE,389000,RE,Residential,389000.0,,,RUN,RUNDLE,51.073606231103,-113.96652505458599,"(51.073606231103, -113.966525054586)"
95,2018051124600,2018,51124600,104 PINESON PL NE,269000,RE,Residential,269000.0,,,PIN,PINERIDGE,51.0754196977171,-113.94641481351002,"(51.0754196977171, -113.94641481351)"
96,2018052517802,2018,52517802,3 175 MANORA PL NE,199000,RE,Residential,199000.0,,,MPK,MARLBOROUGH PARK,51.065768649812895,-113.954415811003,"(51.0657686498129, -113.954415811003)"
97,2018052574100,2018,52574100,140V 165 MANORA PL NE,10000,RE,Residential,10000.0,,,MPK,MARLBOROUGH PARK,51.0658264024325,-113.95555282663,"(51.0658264024325, -113.95555282663)"
98,2018053080008,2018,53080008,4616 MARWOOD WY NE,326500,RE,Residential,326500.0,,,MRL,MARLBOROUGH,51.05477567063829,-113.96970249616899,"(51.0547756706383, -113.969702496169)"
99,2018053135000,2018,53135000,4642 MARBANK DR NE,354500,RE,Residential,354500.0,,,MRL,MARLBOROUGH,51.0637153039466,-113.966438862761,"(51.0637153039466, -113.966438862761)"
100,2018053177903,2018,53177903,1423 43 ST NE,340500,RE,Residential,340500.0,,,MRL,MARLBOROUGH,51.0645419582193,-113.972095741574,"(51.0645419582193, -113.972095741574)"
101,2018053183406,2018,53183406,1415 42 ST NE,340500,RE,Residential,340500.0,,,MRL,MARLBOROUGH,51.064766009441996,-113.973330548871,"(51.064766009442, -113.973330548871)"
102,2018055039507,2018,55039507,1239 18 ST NE,437500,RE,Residential,437500.0,,,MAL,MAYLAND HEIGHTS,51.063707994827794,-114.01660590900299,"(51.0637079948278, -114.016605909003)"
103,2018055507727,2018,55507727,235V 30 MCHUGH CO NE,10000,RE,Residential,10000.0,,,MAL,MAYLAND HEIGHTS,51.065653994764396,-114.00583923640801,"(51.0656539947644, -114.005839236408)"
104,2018056073208,2018,56073208,430 7 ST NE,453500,RE,Residential,453500.0,,,BRD,BRIDGELAND/RIVERSIDE,51.055645888858,-114.045297374517,"(51.055645888858, -114.045297374517)"
105,2018056091408,2018,56091408,512 7 ST NE,610500,RE,Residential,610500.0,,,BRD,BRIDGELAND/RIVERSIDE,51.056553888737,-114.04529670260901,"(51.056553888737, -114.045296702609)"
106,2018056117203,2018,56117203,918 REMINGTON RD NE,483000,RE,Residential,483000.0,,,REN,RENFREW,51.0602601181485,-114.04259762565701,"(51.0602601181485, -114.042597625657)"
107,2018056505944,2018,56505944,592 REGAL PA NE,363000,RE,Residential,363000.0,,,REN,RENFREW,51.0613336534151,-114.035059649343,"(51.0613336534151, -114.035059649343)"
108,2018057129702,2018,57129702,216 2 AV NE,1930000,RE,Residential,1930000.0,,,CRE,CRESCENT HEIGHTS,51.054653418064696,-114.059167735624,"(51.0546534180647, -114.059167735624)"
109,2018057172405,2018,57172405,118 12 AV NE,489000,RE,Residential,489000.0,,,CRE,CRESCENT HEIGHTS,51.06359321838921,-114.061249934321,"(51.0635932183892, -114.061249934321)"
110,2018057587081,2018,57587081,305 809 4 ST NE,222000,RE,Residential,222000.0,,,REN,RENFREW,51.0588917645416,-114.05326384479099,"(51.0588917645416, -114.053263844791)"
111,2018058090606,2018,58090606,1409 6A ST NW,890000,RE,Residential,890000.0,,,RDL,ROSEDALE,51.064250376326505,-114.077531710471,"(51.0642503763265, -114.077531710471)"
112,2018058118209,2018,58118209,1006 4 AV NW,433000,RE,Residential,433000.0,,,SSD,SUNNYSIDE,51.0569724631928,-114.084934192081,"(51.0569724631928, -114.084934192081)"
113,2018058523200,2018,58523200,3 712 MEMORIAL DR NW,564500,RE,Residential,564500.0,,,SSD,SUNNYSIDE,51.0568275651202,-114.076612305304,"(51.0568275651202, -114.076612305304)"
114,2018058526302,2018,58526302,304 916 MEMORIAL DR NW,307500,RE,Residential,307500.0,,,SSD,SUNNYSIDE,51.054734415329506,-114.080991948651,"(51.0547344153295, -114.080991948651)"
115,2018059006908,2018,59006908,2219 3 AV NW,543000,RE,Residential,543000.0,,,WHL,WEST HILLHURST,51.0550715386765,-114.111652405684,"(51.0550715386765, -114.111652405684)"
116,2018059044602,2018,59044602,2011 2 AV NW,546000,RE,Residential,546000.0,,,WHL,WEST HILLHURST,51.0541308207656,-114.1063775385,"(51.0541308207656, -114.1063775385)"
117,2018059073106,2018,59073106,1902 3 AV NW,1260000,RE,Residential,1260000.0,,,WHL,WEST HILLHURST,51.055551088970496,-114.102722138039,"(51.0555510889705, -114.102722138039)"
118,2018059117044,2018,59117044,2325 7 AV NW,745000,RE,Residential,745000.0,,,WHL,WEST HILLHURST,51.0588582155073,-114.11434762834699,"(51.0588582155073, -114.114347628347)"
119,2018061038808,2018,61038808,374 WILDWOOD DR SW,795000,RE,Residential,795000.0,,,WLD,WILDWOOD,51.05615874008139,-114.156565971329,"(51.0561587400814, -114.156565971329)"
120,2018061559001,2018,61559001,1501 145 POINT DR NW,294000,RE,Residential,294000.0,,,POI,POINT MCKAY,51.0619901527563,-114.14746455791,"(51.0619901527563, -114.14746455791)"
121,2018062535208,2018,62535208,281 20 COACHWAY RD SW,260000,RE,Residential,260000.0,,,COA,COACH HILL,51.061067895142095,-114.186149628722,"(51.0610678951421, -114.186149628722)"
122,2018062609540,2018,62609540,1401 7171 COACH HILL RD SW,332000,RE,Residential,332000.0,,,COA,COACH HILL,51.0638220063396,-114.18756203243099,"(51.0638220063396, -114.187562032431)"
123,2018063027700,2018,63027700,7 STRATHROY BA SW,570500,RE,Residential,570500.0,,,STR,STRATHCONA PARK,51.0495127544291,-114.16997119375,"(51.0495127544291, -114.16997119375)"
124,2018063052104,2018,63052104,80 STRADBROOKE RI SW,667500,RE,Residential,667500.0,,,STR,STRATHCONA PARK,51.0440344631771,-114.17637712946501,"(51.0440344631771, -114.176377129465)"
125,2018063164503,2018,63164503,408 CHRISTIE KNOLL PT SW,694000,RE,Residential,694000.0,,,CHR,CHRISTIE PARK,51.042815010615605,-114.184666108259,"(51.0428150106156, -114.184666108259)"
126,2018065043804,2018,65043804,3347 SPRUCE DR SW,467500,RE,Residential,467500.0,,,SPR,SPRUCE CLIFF,51.045190843381704,-114.135810469456,"(51.0451908433817, -114.135810469456)"
127,2018065052524,2018,65052524,1719 24 ST SW,578000,RE,Residential,578000.0,,,SHG,SHAGANAPPI,51.03889735917439,-114.118323276488,"(51.0388973591744, -114.118323276488)"
128,2018066041708,2018,66041708,2001 WESTMOUNT RD NW,640500,RE,Residential,640500.0,,,WHL,WEST HILLHURST,51.0517939109109,-114.10580742591499,"(51.0517939109109, -114.105807425915)"
129,2018067577304,2018,67577304,640 540 14 AV SW,317000,RE,Residential,317000.0,,,BLN,BELTLINE,51.040091257575206,-114.07378181680299,"(51.0400912575752, -114.073781816803)"
130,2018067775700,2018,67775700,505 1015 14 AV SW,227000,RE,Residential,227000.0,,,BLN,BELTLINE,51.0398766781925,-114.08520979256001,"(51.0398766781925, -114.08520979256)"
131,2018067841742,2018,67841742,2105 909 7 AV SW,110000,RE,Residential,110000.0,,,DNC,DOWNTOWN COMMERCIAL CORE,51.046768072580605,-114.08220372866,"(51.0467680725806, -114.08220372866)"
132,2018067842104,2018,67842104,2308 909 7 AV SW,114500,RE,Residential,114500.0,,,DNC,DOWNTOWN COMMERCIAL CORE,51.046768072580605,-114.08220372866,"(51.0467680725806, -114.08220372866)"
133,2018067849422,2018,67849422,3 1339 14 AV SW,419000,RE,Residential,419000.0,,,BLN,BELTLINE,51.0401191147671,-114.093839871103,"(51.0401191147671, -114.093839871103)"
134,2018067862821,2018,67862821,917 738 3 AV SW,253000,RE,Residential,253000.0,,,EAU,EAU CLAIRE,51.0509835823405,-114.07761361014,"(51.0509835823405, -114.07761361014)"
135,2018067866301,2018,67866301,201 718 12 AV SW,216000,RE,Residential,216000.0,,,BLN,BELTLINE,51.042119211586105,-114.077956143248,"(51.0421192115861, -114.077956143248)"
136,2018067912006,2018,67912006,1702 825 8 AV SW,111000,RE,Residential,111000.0,,,DNC,DOWNTOWN COMMERCIAL CORE,51.04575877857861,-114.08040912770399,"(51.0457587785786, -114.080409127704)"
137,2018067948828,2018,67948828,118V 527 15 AV SW,26500,RE,Residential,26500.0,,,BLN,BELTLINE,51.038601200061706,-114.07366798084401,"(51.0386012000617, -114.073667980844)"
138,2018067974741,2018,67974741,815 1108 6 AV SW,396500,RE,Residential,396500.0,,,DNW,DOWNTOWN WEST END,51.0485239916454,-114.08720603981001,"(51.0485239916454, -114.08720603981)"
139,2018068571389,2018,68571389,67S 317 14 AV SW,3150,RE,Residential,3150.0,,,BLN,BELTLINE,51.03941981387079,-114.069479675305,"(51.0394198138708, -114.069479675305)"
140,2018068577428,2018,68577428,248V 126 14 AV SW,26500,RE,Residential,26500.0,,,BLN,BELTLINE,51.0398404235042,-114.064476611434,"(51.0398404235042, -114.064476611434)"
141,2018071005508,2018,71005508,1705 36 ST SE,680000,RE,Residential,680000.0,,,ALB,ALBERT PARK/RADISSON HEIGHTS,51.0390813296838,-113.98206974963101,"(51.0390813296838, -113.982069749631)"
142,2018072045404,2018,72045404,1701 50 ST SE,301000,RE,Residential,301000.0,,,FLN,FOREST LAWN,51.0392155440858,-113.96179007098301,"(51.0392155440858, -113.961790070983)"
143,2018072137409,2018,72137409,823 FOREST PL SE,327500,RE,Residential,327500.0,,,FHT,FOREST HEIGHTS,51.0460172820109,-113.95888015625299,"(51.0460172820109, -113.958880156253)"
144,2018073046708,2018,73046708,1303 PENNSBURG RD SE,300000,RE,Residential,300000.0,,,PEN,PENBROOKE MEADOWS,51.041828720576106,-113.950041692322,"(51.0418287205761, -113.950041692322)"
145,2018073220709,2018,73220709,240 PENSVILLE CL SE,194000,RE,Residential,194000.0,,,PEN,PENBROOKE MEADOWS,51.0469697402281,-113.9464858068,"(51.0469697402281, -113.9464858068)"
146,2018075043604,2018,75043604,2236 42 ST SE,319000,RE,Residential,319000.0,,,FLN,FOREST LAWN,51.0334801322176,-113.97246621198299,"(51.0334801322176, -113.972466211983)"
147,2018075063909,2018,75063909,2017 44 ST SE,306000,RE,Residential,306000.0,,,FLN,FOREST LAWN,51.0355800017906,-113.970415603712,"(51.0355800017906, -113.970415603712)"
148,2018075088500,2018,75088500,3905 23 AV SE,302500,RE,Residential,302500.0,,,FLN,FOREST LAWN,51.03302033879721,-113.978264536076,"(51.0330203387972, -113.978264536076)"
149,2018075145458,2018,75145458,5 DOVERCLIFFE WY SE,260500,RE,Residential,260500.0,,,DOV,DOVER,51.025860617847,-113.977326268899,"(51.025860617847, -113.977326268899)"
150,2018075149609,2018,75149609,166 DOVERCLIFFE CL SE,283000,RE,Residential,283000.0,,,DOV,DOVER,51.0254416616445,-113.97909328400101,"(51.0254416616445, -113.979093284001)"
151,2018075521369,2018,75521369,18 75 ERIN CROFT CR SE,211000,RE,Residential,211000.0,,,ERI,ERIN WOODS,51.023601168625795,-113.971633003435,"(51.0236011686258, -113.971633003435)"
152,2018076025006,2018,76025006,2238 26 ST SE,444000,RE,Residential,444000.0,,,SOV,SOUTHVIEW,51.032481215473204,-113.993944591471,"(51.0324812154732, -113.993944591471)"
153,2018076034800,2018,76034800,1988 COTTONWOOD CR SE,348500,RE,Residential,348500.0,,,SOV,SOUTHVIEW,51.0355176621394,-113.98552527981501,"(51.0355176621394, -113.985525279815)"
154,2018076501246,2018,76501246,120 DOVISTA CO SE,307500,RE,Residential,307500.0,,,DOV,DOVER,51.02494585808311,-113.992348241844,"(51.0249458580831, -113.992348241844)"
155,2018079086104,2018,79086104,2515 ERLTON ST SW,2330000,RE,Residential,2330000.0,,,ERL,ERLTON,51.029932838642395,-114.06270141033801,"(51.0299328386424, -114.062701410338)"
156,2018079552501,2018,79552501,273V 318 26 AV SW,22000,RE,Residential,22000.0,,,MIS,MISSION,51.030084193696005,-114.06994196327,"(51.030084193696, -114.06994196327)"
157,2018079560702,2018,79560702,412 130 25 AV SW,253000,RE,Residential,253000.0,,,MIS,MISSION,51.03068577847589,-114.065761088001,"(51.0306857784759, -114.065761088001)"
158,2018079576823,2018,79576823,406 2419 ERLTON RD SW,325000,RE,Residential,325000.0,,,ERL,ERLTON,51.0309468967189,-114.061917123419,"(51.0309468967189, -114.061917123419)"
159,2018079581161,2018,79581161,68V 2320 ERLTON ST SW,22000,RE,Residential,22000.0,,,ERL,ERLTON,51.032632553979305,-114.062175471943,"(51.0326325539793, -114.062175471943)"
160,2018080030620,2018,80030620,1922 13 ST SW,899000,RE,Residential,899000.0,,,UMR,UPPER MOUNT ROYAL,51.0351883150068,-114.09264200718201,"(51.0351883150068, -114.092642007182)"
161,2018080080302,2018,80080302,3224 7 ST SW,907000,RE,Residential,907000.0,,,EPK,ELBOW PARK,51.025500120444406,-114.081225154848,"(51.0255001204444, -114.081225154848)"
162,2018080171705,2018,80171705,2919 MONTCALM CR SW,1890000,RE,Residential,1890000.0,,,UMR,UPPER MOUNT ROYAL,51.0273554667891,-114.091538779322,"(51.0273554667891, -114.091538779322)"
163,2018080574981,2018,80574981,102 1235 CAMERON AV SW,303000,RE,Residential,303000.0,,,LMR,LOWER MOUNT ROYAL,51.0361967383928,-114.091088100908,"(51.0361967383928, -114.091088100908)"
164,2018080577000,2018,80577000,3 804 18 AV SW,400500,RE,Residential,400500.0,,,LMR,LOWER MOUNT ROYAL,51.03718787226521,-114.07972919336201,"(51.0371878722652, -114.079729193362)"
165,2018081189417,2018,81189417,1507 32 AV SW,455500,RE,Residential,455500.0,,,SOC,SOUTH CALGARY,51.0246598691386,-114.09521746010599,"(51.0246598691386, -114.095217460106)"
166,2018081553208,2018,81553208,206 2416 14A ST SW,141500,RE,Residential,141500.0,,,BNK,BANKVIEW,51.0324102609884,-114.095564715539,"(51.0324102609884, -114.095564715539)"
167,2018082050709,2018,82050709,3224 30 ST SW,617500,RE,Residential,617500.0,,,KIL,KILLARNEY/GLENGARRY,51.026065603920706,-114.130771073022,"(51.0260656039207, -114.130771073022)"
168,2018083078105,2018,83078105,2816 49 ST SW,824500,RE,Residential,824500.0,,,GBK,GLENBROOK,51.0283044619963,-114.157209031028,"(51.0283044619963, -114.157209031028)"
169,2018083079103,2018,83079103,4928 GRAHAM DR SW,537000,RE,Residential,537000.0,,,GBK,GLENBROOK,51.0279753274335,-114.156687985677,"(51.0279753274335, -114.156687985677)"
170,2018083107805,2018,83107805,128 GLENPATRICK DR SW,552000,RE,Residential,552000.0,,,GBK,GLENBROOK,51.02293657298329,-114.158226691446,"(51.0229365729833, -114.158226691446)"
171,2018083128306,2018,83128306,5120 GROVE HILL RD SW,610000,RE,Residential,610000.0,,,GDL,GLENDALE,51.0359688369798,-114.158965425994,"(51.0359688369798, -114.158965425994)"
172,2018083508804,2018,83508804,89 3015 51 ST SW,236000,RE,Residential,236000.0,,,GBK,GLENBROOK,51.028084133547296,-114.162368400793,"(51.0280841335473, -114.162368400793)"
173,2018084073907,2018,84073907,3 SIGNATURE ME SW,734000,RE,Residential,734000.0,,,SIG,SIGNAL HILL,51.032192974666394,-114.17391999350599,"(51.0321929746664, -114.173919993506)"
174,2018084179209,2018,84179209,114 SIMCOE CR SW,825000,RE,Residential,825000.0,,,SIG,SIGNAL HILL,51.0341471230616,-114.183436196511,"(51.0341471230616, -114.183436196511)"
175,2018084210806,2018,84210806,6346 SIMCOE RD SW,575500,RE,Residential,575500.0,,,SIG,SIGNAL HILL,51.035537317923,-114.181098840915,"(51.035537317923, -114.181098840915)"
176,2018085027001,2018,85027001,323 SIERRA MORENA PL SW,636000,RE,Residential,636000.0,,,SIG,SIGNAL HILL,51.0193310202326,-114.179494059422,"(51.0193310202326, -114.179494059422)"
177,2018085034908,2018,85034908,242 SIERRA MORENA TC SW,490500,RE,Residential,490500.0,,,SIG,SIGNAL HILL,51.0206670773662,-114.17796689071501,"(51.0206670773662, -114.177966890715)"
178,2018085506467,2018,85506467,77V 7239 SIERRA MORENA BV SW,10000,RE,Residential,10000.0,,,SIG,SIGNAL HILL,51.0137753493504,-114.175275091011,"(51.0137753493504, -114.175275091011)"
179,2018087508222,2018,87508222,4433 RICHARDSON WY SW,272000,RE,Residential,272000.0,,,LPK,LINCOLN PARK,51.014473934061606,-114.135822895574,"(51.0144739340616, -114.135822895574)"
180,2018087511903,2018,87511903,331 4525 31 ST SW,271000,RE,Residential,271000.0,,,RUT,RUTLAND PARK,51.015230909154205,-114.139914906355,"(51.0152309091542, -114.139914906355)"
181,2018088111901,2018,88111901,2042 36 AV SW,375500,RE,Residential,375500.0,,,ALT,ALTADORE,51.021732731080704,-114.108825978291,"(51.0217327310807, -114.108825978291)"
182,2018088510342,2018,88510342,2409 SORREL ME SW,650000,RE,Residential,650000.0,,,GAW,GARRISON WOODS,51.02129216358029,-114.116380048563,"(51.0212921635803, -114.116380048563)"
183,2018089012405,2018,89012405,507 LANSDOWNE AV SW,873000,RE,Residential,873000.0,,,EYA,ELBOYA,51.0144240097509,-114.07550070354701,"(51.0144240097509, -114.075500703547)"
184,2018089083604,2018,89083604,3601 6 ST SW,1170000,RE,Residential,1170000.0,,,EPK,ELBOW PARK,51.023116396142704,-114.07971532285299,"(51.0231163961427, -114.079715322853)"
185,2018089106009,2018,89106009,1143 39 AV SW,1810000,RE,Residential,1810000.0,,,EPK,ELBOW PARK,51.0189456336913,-114.089100044828,"(51.0189456336913, -114.089100044828)"
186,2018089126304,2018,89126304,4207 BRITANNIA DR SW,1520000,RE,Residential,1520000.0,,,BRT,BRITANNIA,51.01519501207971,-114.07940296514099,"(51.0151950120797, -114.079402965141)"
187,2018093040301,2018,93040301,60 DOVER RIDGE PL SE,328500,RE,Residential,328500.0,,,DOV,DOVER,51.02086213579129,-113.987000917717,"(51.0208621357913, -113.987000917717)"
188,2018093119709,2018,93119709,2760 41A AV SE,315500,RE,Residential,315500.0,,,DOV,DOVER,51.01661737731521,-113.99313733396002,"(51.0166173773152, -113.99313733396)"
189,2018093133106,2018,93133106,7 DOVELY WY SE,309500,RE,Residential,309500.0,,,DOV,DOVER,51.0216297940382,-113.996823838746,"(51.0216297940382, -113.996823838746)"
190,2018093503845,2018,93503845,2675 DOVELY CO SE,249500,RE,Residential,249500.0,,,DOV,DOVER,51.022459189789494,-113.99660267658199,"(51.0224591897895, -113.996602676582)"
191,2018093508463,2018,93508463,208 20 DOVER PT SE,138500,RE,Residential,138500.0,,,DOV,DOVER,51.01737222407971,-113.99766892528099,"(51.0173722240797, -113.997668925281)"
192,2018094011707,2018,94011707,132 DOVER MEADOW CL SE,286500,RE,Residential,286500.0,,,DOV,DOVER,51.0217026690043,-113.978788324795,"(51.0217026690043, -113.978788324795)"
193,2018094075108,2018,94075108,31 ERIN WOODS PL SE,276500,RE,Residential,276500.0,,,ERI,ERIN WOODS,51.0179128384721,-113.97647191536501,"(51.0179128384721, -113.976471915365)"
194,2018094158300,2018,94158300,59 ERIN RD SE,290000,RE,Residential,290000.0,,,ERI,ERIN WOODS,51.015389487521496,-113.96857446937,"(51.0153894875215, -113.96857446937)"
195,2018099501207,2018,99501207,13N 203 LYNNVIEW RD SE,219000,RE,Residential,219000.0,,,OGD,OGDEN,50.9984547264006,-114.02184221956999,"(50.9984547264006, -114.02184221957)"
196,2018102078508,2018,102078508,1203 BELAVISTA CR SW,1950000,RE,Residential,1950000.0,,,BEL,BEL-AIRE,51.0006025039332,-114.087531043524,"(51.0006025039332, -114.087531043524)"
197,2018103057808,2018,103057808,26 LISSINGTON DR SW,1140000,RE,Residential,1140000.0,,,NGM,NORTH GLENMORE PARK,51.0034416895859,-114.11077441446001,"(51.0034416895859, -114.11077441446)"
198,2018103064903,2018,103064903,2040 54 AV SW,3740000,RE,Residential,3740000.0,,,NGM,NORTH GLENMORE PARK,51.005258011322205,-114.108784210699,"(51.0052580113222, -114.108784210699)"
199,2018104004304,2018,104004304,6003 LACOMBE WY SW,780500,RE,Residential,780500.0,,,LKV,LAKEVIEW,51.0001458342782,-114.12153009617501,"(51.0001458342782, -114.121530096175)"
200,2018111121901,2018,111121901,8231 4A ST SW,435500,RE,Residential,435500.0,,,KIN,KINGSLAND,50.980564490766106,-114.07769242326,"(50.9805644907661, -114.07769242326)"
201,2018111529020,2018,111529020,210 910 70 AV SW,240500,RE,Residential,240500.0,,,KEL,KELVIN GROVE,50.99078998853379,-114.08396005688,"(50.9907899885338, -114.08396005688)"
202,2018112113105,2018,112113105,7630 FAIRMOUNT DR SE,384500,RE,Residential,384500.0,,,FAI,FAIRVIEW,50.986323635140494,-114.060012026166,"(50.9863236351405, -114.060012026166)"
203,2018114096100,2018,114096100,2127 80 AV SE,337500,RE,Residential,337500.0,,,OGD,OGDEN,50.981175873123,-114.00725819586901,"(50.981175873123, -114.007258195869)"
204,2018115051302,2018,115051302,7627 25 ST SE,221500,RE,Residential,221500.0,,,OGD,OGDEN,50.98403322089379,-114.00049843747499,"(50.9840332208938, -114.000498437475)"
205,2018121024905,2018,121024905,84 RIVERBIRCH CR SE,332500,RE,Residential,332500.0,,,RIV,RIVERBEND,50.9777576639161,-114.01638240707399,"(50.9777576639161, -114.016382407074)"
206,2018121072805,2018,121072805,219 RIVERBROOK WY SE,439000,RE,Residential,439000.0,,,RIV,RIVERBEND,50.979509364616206,-114.021977760018,"(50.9795093646162, -114.021977760018)"
207,2018121126304,2018,121126304,189 RIVERWOOD CL SE,451500,RE,Residential,451500.0,,,RIV,RIVERBEND,50.970344045832206,-114.01128392194201,"(50.9703440458322, -114.011283921942)"
208,2018121502629,2018,121502629,146 RIVERVIEW PT SE,408000,RE,Residential,408000.0,,,RIV,RIVERBEND,50.9730303464915,-114.023062002317,"(50.9730303464915, -114.023062002317)"
209,2018122030802,2018,122030802,9879 ATHENS RD SE,391000,RE,Residential,391000.0,,,ACA,ACADIA,50.964485536735495,-114.04738563689101,"(50.9644855367355, -114.047385636891)"
210,2018122044902,2018,122044902,9820 AUBURN RD SE,434000,RE,Residential,434000.0,,,ACA,ACADIA,50.965981504701205,-114.041858000629,"(50.9659815047012, -114.041858000629)"
211,2018122056401,2018,122056401,8824 6 ST SE,334500,RE,Residential,334500.0,,,ACA,ACADIA,50.9746547131859,-114.048090722055,"(50.9746547131859, -114.048090722055)"
212,2018123568602,2018,123568602,23 219 90 AV SE,222500,RE,Residential,222500.0,,,ACA,ACADIA,50.971300754708004,-114.06652461984301,"(50.971300754708, -114.066524619843)"
213,2018123616922,2018,123616922,55 551 HERITAGE DR SE,253500,RE,Residential,253500.0,,,ACA,ACADIA,50.979142636849396,-114.054871104713,"(50.9791426368494, -114.054871104713)"
214,2018124087701,2018,124087701,14 HAMLET RD SW,463000,RE,Residential,463000.0,,,HAY,HAYSBORO,50.97892722143251,-114.085613877773,"(50.9789272214325, -114.085613877773)"
215,2018125065300,2018,125065300,59 BAY VIEW DR SW,905500,RE,Residential,905500.0,,,BYV,BAYVIEW,50.97436973739511,-114.115339202348,"(50.9743697373951, -114.115339202348)"
216,2018125506006,2018,125506006,214 2425 90 AV SW,181500,RE,Residential,181500.0,,,PAL,PALLISER,50.971525329054394,-114.117086416889,"(50.9715253290544, -114.117086416889)"
217,2018126056100,2018,126056100,219 OAKLAND PL SW,551500,RE,Residential,551500.0,,,OAK,OAKRIDGE,50.9685896761219,-114.137763504854,"(50.9685896761219, -114.137763504854)"
218,2018126141506,2018,126141506,58 OAKMOUNT CO SW,732500,RE,Residential,732500.0,,,OAK,OAKRIDGE,50.9772140000246,-114.139483133057,"(50.9772140000246, -114.139483133057)"
219,2018127133106,2018,127133106,35 CEDARWOOD ME SW,421500,RE,Residential,421500.0,,,CED,CEDARBRAE,50.9551949258975,-114.134961066194,"(50.9551949258975, -114.134961066194)"
220,2018128010006,2018,128010006,28 BRACEBRIDGE CR SW,420500,RE,Residential,420500.0,,,BRA,BRAESIDE,50.9597751993927,-114.097020481519,"(50.9597751993927, -114.097020481519)"
221,2018128039609,2018,128039609,1827 104 AV SW,412500,RE,Residential,412500.0,,,BRA,BRAESIDE,50.95934023104589,-114.10237681232701,"(50.9593402310459, -114.102376812327)"
222,2018128108107,2018,128108107,168 BROOKGREEN DR SW,368000,RE,Residential,368000.0,,,BRA,BRAESIDE,50.9609806247513,-114.114316943283,"(50.9609806247513, -114.114316943283)"
223,2018128122603,2018,128122603,271 BROOKGREEN DR SW,402000,RE,Residential,402000.0,,,BRA,BRAESIDE,50.9591048899007,-114.11620350805799,"(50.9591048899007, -114.116203508058)"
224,2018128168309,2018,128168309,9976 PATTON RD SW,1120000,RE,Residential,1120000.0,,,PUM,PUMP HILL,50.9647926214009,-114.096461365773,"(50.9647926214009, -114.096461365773)"
225,2018128593308,2018,128593308,501 739 BRACEWOOD DR SW,219000,RE,Residential,219000.0,,,BRA,BRAESIDE,50.9527301680914,-114.11465897266199,"(50.9527301680914, -114.114658972662)"
226,2018128644804,2018,128644804,321 10120 BROOKPARK BV SW,187500,RE,Residential,187500.0,,,BRA,BRAESIDE,50.960457874028904,-114.10870144453999,"(50.9604578740289, -114.10870144454)"
227,2018129071205,2018,129071205,1116 105 AV SW,454000,RE,Residential,454000.0,,,SOW,SOUTHWOOD,50.9590364893897,-114.086982874408,"(50.9590364893897, -114.086982874408)"
228,2018129100400,2018,129100400,10612 SACRAMENTO DR SW,488000,RE,Residential,488000.0,,,SOW,SOUTHWOOD,50.958081388954,-114.077311454172,"(50.958081388954, -114.077311454172)"
229,2018131046005,2018,131046005,768 ACADIA DR SE,488000,RE,Residential,488000.0,,,MPL,MAPLE RIDGE,50.9570320702783,-114.04044896614401,"(50.9570320702783, -114.040448966144)"
230,2018132037300,2018,132037300,221 DOUGLAS GLEN CL SE,452500,RE,Residential,452500.0,,,DDG,DOUGLASDALE/GLEN,50.952793483863495,-114.011718331344,"(50.9527934838635, -114.011718331344)"
231,2018138032305,2018,138032305,91 DOUGLAS PARK CL SE,623000,RE,Residential,623000.0,,,DDG,DOUGLASDALE/GLEN,50.94054994089729,-113.997506794198,"(50.9405499408973, -113.997506794198)"
232,2018139115703,2018,139115703,175 DOUGLASBANK DR SE,490500,RE,Residential,490500.0,,,DDG,DOUGLASDALE/GLEN,50.947769172909496,-114.013670296905,"(50.9477691729095, -114.013670296905)"
233,2018140079609,2018,140079609,12519 LAKE GENEVA RD SE,574500,RE,Residential,574500.0,,,LKB,LAKE BONAVISTA,50.9392126540197,-114.040123783893,"(50.9392126540197, -114.040123783893)"
234,2018140093600,2018,140093600,1216 LAKE TWINTREE DR SE,579500,RE,Residential,579500.0,,,LKB,LAKE BONAVISTA,50.9368875296737,-114.03840975717699,"(50.9368875296737, -114.038409757177)"
235,2018140125006,2018,140125006,1420 LAKE SYLVAN DR SE,424000,RE,Residential,424000.0,,,BDO,BONAVISTA DOWNS,50.9448009283685,-114.032899337503,"(50.9448009283685, -114.032899337503)"
236,2018141107904,2018,141107904,112 LAKE MEAD GR SE,740000,RE,Residential,740000.0,,,LKB,LAKE BONAVISTA,50.937309041020605,-114.062079364504,"(50.9373090410206, -114.062079364504)"
237,2018141506485,2018,141506485,274V 3000 LAKE FRASER CO SE,10000,RE,Residential,10000.0,,,LKB,LAKE BONAVISTA,50.944431915568295,-114.06636711550199,"(50.9444319155683, -114.066367115502)"
238,2018142006105,2018,142006105,824 CANFORD CR SW,432000,RE,Residential,432000.0,,,CAN,CANYON MEADOWS,50.9466840490514,-114.07997433097,"(50.9466840490514, -114.07997433097)"
239,2018142028604,2018,142028604,931 CANNOCK RD SW,447000,RE,Residential,447000.0,,,CAN,CANYON MEADOWS,50.9433516148945,-114.082878814953,"(50.9433516148945, -114.082878814953)"
240,2018142168707,2018,142168707,191 CANTERVILLE DR SW,680000,RE,Residential,680000.0,,,CAN,CANYON MEADOWS,50.9405967253539,-114.08716577166,"(50.9405967253539, -114.08716577166)"
241,2018142558584,2018,142558584,112 999 CANYON MEADOWS DR SW,256000,RE,Residential,256000.0,,,CAN,CANYON MEADOWS,50.937072089068394,-114.082271174996,"(50.9370720890684, -114.082271174996)"
242,2018143130904,2018,143130904,181 WOODPARK CO SW,614000,RE,Residential,614000.0,,,WOO,WOODLANDS,50.9460998891142,-114.110241045421,"(50.9460998891142, -114.110241045421)"
243,2018144010105,2018,144010105,8 WOODFIELD CR SW,474000,RE,Residential,474000.0,,,WBN,WOODBINE,50.937662179066294,-114.127693911942,"(50.9376621790663, -114.127693911942)"
244,2018144138906,2018,144138906,12 WOODGLEN CO SW,410500,RE,Residential,410500.0,,,WBN,WOODBINE,50.943674973953705,-114.122430772421,"(50.9436749739537, -114.122430772421)"
245,2018144514205,2018,144514205,185 WOODSMAN LN SW,262000,RE,Residential,262000.0,,,WBN,WOODBINE,50.9437527193066,-114.128377893018,"(50.9437527193066, -114.128377893018)"
246,2018147004600,2018,147004600,13128 6 ST SW,459500,RE,Residential,459500.0,,,CAN,CANYON MEADOWS,50.9346822746815,-114.075672295,"(50.9346822746815, -114.075672295)"
247,2018150006658,2018,150006658,542 QUEENSLAND PL SE,289000,RE,Residential,289000.0,,,QLD,QUEENSLAND,50.9340878243952,-114.019851696899,"(50.9340878243952, -114.019851696899)"
248,2018150066702,2018,150066702,91 DEERMONT WY SE,370500,RE,Residential,370500.0,,,DRG,DEER RIDGE,50.9277790242079,-114.018483904121,"(50.9277790242079, -114.018483904121)"
249,2018150167906,2018,150167906,245 DEERVIEW DR SE,374000,RE,Residential,374000.0,,,DRG,DEER RIDGE,50.928818813629,-114.022867802936,"(50.928818813629, -114.022867802936)"
250,2018151503281,2018,151503281,172 MT ABERDEEN MR SE,272000,RE,Residential,272000.0,,,MCK,MCKENZIE LAKE,50.9316073403349,-113.981837483451,"(50.9316073403349, -113.981837483451)"
251,2018152500120,2018,152500120,27 MT MCKENZIE WY SE,325000,RE,Residential,325000.0,,,MCK,MCKENZIE LAKE,50.9162181187285,-113.986285397257,"(50.9162181187285, -113.986285397257)"
252,2018154109003,2018,154109003,195 DEERSAXON CI SE,408000,RE,Residential,408000.0,,,DRN,DEER RUN,50.919772236080796,-114.01798880162599,"(50.9197722360808, -114.017988801626)"
253,2018154514624,2018,154514624,132V 40 PARKRIDGE VW SE,10000,RE,Residential,10000.0,,,PKL,PARKLAND,50.919432205037204,-114.024195550742,"(50.9194322050372, -114.024195550742)"
254,2018155042104,2018,155042104,248 PARKVISTA CR SE,828000,RE,Residential,828000.0,,,PKL,PARKLAND,50.9135074127638,-114.02989605911199,"(50.9135074127638, -114.029896059112)"
255,2018155086408,2018,155086408,332 MIDVALLEY DR SE,514500,RE,Residential,514500.0,,,MID,MIDNAPORE,50.9104800695197,-114.041962276376,"(50.9104800695197, -114.041962276376)"
256,2018156072407,2018,156072407,39 MIDRIDGE CL SE,427000,RE,Residential,427000.0,,,MID,MIDNAPORE,50.9197556211585,-114.05466449936701,"(50.9197556211585, -114.054664499367)"
257,2018156086407,2018,156086407,64 MIDGLEN DR SE,411000,RE,Residential,411000.0,,,MID,MIDNAPORE,50.9177265226196,-114.050191638903,"(50.9177265226196, -114.050191638903)"
258,2018157203001,2018,157203001,141 SHANNON ME SW,423500,RE,Residential,423500.0,,,SHN,SHAWNESSY,50.910395551756004,-114.08684377219299,"(50.910395551756, -114.086843772193)"
259,2018157516469,2018,157516469,151V MILLRISE PT SW,10000,RE,Residential,10000.0,,,MLR,MILLRISE,50.9202756658981,-114.074250919343,"(50.9202756658981, -114.074250919343)"
260,2018158084202,2018,158084202,165 SHANNON SQ SW,510000,RE,Residential,510000.0,,,SHN,SHAWNESSY,50.9130460950512,-114.094407175235,"(50.9130460950512, -114.094407175235)"
261,2018163008006,2018,163008006,143 COUGAR RIDGE HT SW,756000,RE,Residential,756000.0,,,CGR,COUGAR RIDGE,51.0716650265022,-114.202209299951,"(51.0716650265022, -114.202209299951)"
262,2018164073207,2018,164073207,175 WEST SPRINGS PL SW,727500,RE,Residential,727500.0,,,WSP,WEST SPRINGS,51.0615806588761,-114.191142292358,"(51.0615806588761, -114.191142292358)"
263,2018172033508,2018,172033508,445 COUGAR RIDGE DR SW,577500,RE,Residential,577500.0,,,CGR,COUGAR RIDGE,51.07289307380999,-114.21769468135,"(51.07289307381, -114.21769468135)"
264,2018173074204,2018,173074204,245 SCURFIELD PL NW,591000,RE,Residential,591000.0,,,SCE,SCENIC ACRES,51.120624144999,-114.213099732896,"(51.120624144999, -114.213099732896)"
265,2018173500349,2018,173500349,214 SCENIC ACRES TC NW,365000,RE,Residential,365000.0,,,SCE,SCENIC ACRES,51.1134671043458,-114.210945809042,"(51.1134671043458, -114.210945809042)"
266,2018176089407,2018,176089407,27 HAWKSIDE CL NW,555500,RE,Residential,555500.0,,,HAW,HAWKWOOD,51.1295632881125,-114.182730706939,"(51.1295632881125, -114.182730706939)"
267,2018176143907,2018,176143907,89 HAWKTREE CI NW,469500,RE,Residential,469500.0,,,HAW,HAWKWOOD,51.1350422052695,-114.16313220521299,"(51.1350422052695, -114.163132205213)"
268,2018176150803,2018,176150803,131 HAWKTREE BA NW,534000,RE,Residential,534000.0,,,HAW,HAWKWOOD,51.1347813074564,-114.16561381260401,"(51.1347813074564, -114.165613812604)"
269,2018178085205,2018,178085205,105 EDGEBROOK CO NW,633000,RE,Residential,633000.0,,,EDG,EDGEMONT,51.133911730682705,-114.127209459645,"(51.1339117306827, -114.127209459645)"
270,2018179008008,2018,179008008,32 BEACONSFIELD WY NW,424000,RE,Residential,424000.0,,,BED,BEDDINGTON HEIGHTS,51.1296079039809,-114.102190708704,"(51.1296079039809, -114.102190708704)"
271,2018179057104,2018,179057104,43 MACEWAN GLEN WY NW,380000,RE,Residential,380000.0,,,MAC,MACEWAN GLEN,51.13211465627211,-114.111665015487,"(51.1321146562721, -114.111665015487)"
272,2018179217500,2018,179217500,30 MACEWAN PARK VW NW,503000,RE,Residential,503000.0,,,MAC,MACEWAN GLEN,51.1313138183647,-114.116028866185,"(51.1313138183647, -114.116028866185)"
273,2018180048456,2018,180048456,1138 BERKLEY DR NW,274000,RE,Residential,274000.0,,,BED,BEDDINGTON HEIGHTS,51.1283658957305,-114.089174702214,"(51.1283658957305, -114.089174702214)"
274,2018180057507,2018,180057507,94 BERMUDA CL NW,462000,RE,Residential,462000.0,,,BED,BEDDINGTON HEIGHTS,51.1303212967723,-114.08159642691002,"(51.1303212967723, -114.08159642691)"
275,2018180149403,2018,180149403,200 BERNARD DR NW,551500,RE,Residential,551500.0,,,BED,BEDDINGTON HEIGHTS,51.1336663400706,-114.08088447676501,"(51.1336663400706, -114.080884476765)"
276,2018180532509,2018,180532509,87 BERMUDA LN NW,288000,RE,Residential,288000.0,,,BED,BEDDINGTON HEIGHTS,51.1330101991601,-114.07481430676901,"(51.1330101991601, -114.074814306769)"
277,2018200064806,2018,200064806,81 MARTHA'S PL NE,423500,RE,Residential,423500.0,,,MRT,MARTINDALE,51.1197878459023,-113.96218030681001,"(51.1197878459023, -113.96218030681)"
278,2018200086957,2018,200086957,210 CRANFIELD GR SE,530500,RE,Residential,530500.0,,,CRA,CRANSTON,50.88930734165049,-113.981658122303,"(50.8893073416505, -113.981658122303)"
279,2018200145795,2018,200145795,11 TUSCANY GLEN PL NW,717500,RE,Residential,717500.0,,,TUS,TUSCANY,51.116930723555406,-114.250537604525,"(51.1169307235554, -114.250537604525)"
280,2018200164754,2018,200164754,246 TARACOVE PL NE,291000,RE,Residential,291000.0,,,TAR,TARADALE,51.12098570649201,-113.944392613267,"(51.120985706492, -113.944392613267)"
281,2018200178697,2018,200178697,314 PRESTWICK CI SE,328500,RE,Residential,328500.0,,,MCT,MCKENZIE TOWNE,50.925097725614606,-113.96112023171499,"(50.9250977256146, -113.961120231715)"
282,2018200180065,2018,200180065,180 TUSCANY MEADOWS HE NW,503000,RE,Residential,503000.0,,,TUS,TUSCANY,51.114316784192496,-114.244365659132,"(51.1143167841925, -114.244365659132)"
283,2018200181683,2018,200181683,126 CITADEL PT NW,323000,RE,Residential,323000.0,,,CIT,CITADEL,51.14927196935639,-114.188622294043,"(51.1492719693564, -114.188622294043)"
284,2018200256816,2018,200256816,223 DISCOVERY RIDGE BV SW,707000,RE,Residential,707000.0,,,DIS,DISCOVERY RIDGE,51.0156912344066,-114.21684822671699,"(51.0156912344066, -114.216848226717)"
285,2018200272003,2018,200272003,36 BRIGHTONDALE CR SE,419500,RE,Residential,419500.0,,,NEB,NEW BRIGHTON,50.9171950555542,-113.95225633579099,"(50.9171950555542, -113.952256335791)"
286,2018200317469,2018,200317469,795 COPPERFIELD BV SE,489000,RE,Residential,489000.0,,,CPF,COPPERFIELD,50.9095857768647,-113.937935092833,"(50.9095857768647, -113.937935092833)"
287,2018200321040,2018,200321040,38 TUSCANY RAVINE MR NW,530500,RE,Residential,530500.0,,,TUS,TUSCANY,51.113552596996605,-114.23729301138701,"(51.1135525969966, -114.237293011387)"
288,2018200322006,2018,200322006,94 TUSCANY SPRINGS HT NW,468500,RE,Residential,468500.0,,,TUS,TUSCANY,51.1369173935435,-114.24480092263799,"(51.1369173935435, -114.244800922638)"
289,2018200346781,2018,200346781,216 PANAMOUNT LN NW,530000,RE,Residential,530000.0,,,PAN,PANORAMA HILLS,51.15737454787829,-114.085068173798,"(51.1573745478783, -114.085068173798)"
290,2018200372688,2018,200372688,88 ROYAL OAK GD NW,315000,RE,Residential,315000.0,,,ROY,ROYAL OAK,51.1527853577019,-114.233293474371,"(51.1527853577019, -114.233293474371)"
291,2018200382026,2018,200382026,103 403 31 AV NE,386500,RE,Residential,386500.0,,,WIN,WINSTON HEIGHTS/MOUNTVIEW,51.080144553822095,-114.054660339752,"(51.0801445538221, -114.054660339752)"
292,2018200408102,2018,200408102,120 SADDLECREST BV NE,460000,RE,Residential,460000.0,,,SAD,SADDLE RIDGE,51.1355778204113,-113.94220161024401,"(51.1355778204113, -113.942201610244)"
293,2018200412856,2018,200412856,801 110 7 ST SW,946500,RE,Residential,946500.0,,,EAU,EAU CLAIRE,51.0519725372422,-114.07802363406601,"(51.0519725372422, -114.078023634066)"
294,2018200415982,2018,200415982,316V 70 PANAMOUNT DR NW,10000,RE,Residential,10000.0,,,PAN,PANORAMA HILLS,51.1586900642063,-114.07220366825001,"(51.1586900642063, -114.07220366825)"
295,2018200416790,2018,200416790,273V 70 PANAMOUNT DR NW,10000,RE,Residential,10000.0,,,PAN,PANORAMA HILLS,51.1586900642063,-114.07220366825001,"(51.1586900642063, -114.07220366825)"
296,2018200419265,2018,200419265,2007 36 AV SW,869500,RE,Residential,869500.0,,,ALT,ALTADORE,51.0212589706995,-114.106869571584,"(51.0212589706995, -114.106869571584)"
297,2018200424836,2018,200424836,79 EVERSYDE WY SW,482500,RE,Residential,482500.0,,,EVE,EVERGREEN,50.9133501946115,-114.108439293764,"(50.9133501946115, -114.108439293764)"
298,2018200433233,2018,200433233,14 7401 SPRINGBANK BV SW,388000,RE,Residential,388000.0,,,SPH,SPRINGBANK HILL,51.0173649342256,-114.19264493791901,"(51.0173649342256, -114.192644937919)"
299,2018200452381,2018,200452381,426 260 SHAWVILLE WY SE,245500,RE,Residential,245500.0,,,SHN,SHAWNESSY,50.9008124407679,-114.06864101327801,"(50.9008124407679, -114.068641013278)"
300,2018200452969,2018,200452969,219 290 SHAWVILLE WY SE,222500,RE,Residential,222500.0,,,SHN,SHAWNESSY,50.9008124407679,-114.06864101327801,"(50.9008124407679, -114.068641013278)"
301,2018200458073,2018,200458073,122 COVEHAVEN GD NE,453500,RE,Residential,453500.0,,,COV,COVENTRY HILLS,51.1658314890186,-114.063684927406,"(51.1658314890186, -114.063684927406)"
302,2018200500940,2018,200500940,1047 EVERRIDGE DR SW,410000,RE,Residential,410000.0,,,EVE,EVERGREEN,50.9105362580646,-114.11482868601801,"(50.9105362580646, -114.114828686018)"
303,2018200501435,2018,200501435,80 EVERGREEN SQ SW,644000,RE,Residential,644000.0,,,EVE,EVERGREEN,50.9182024162804,-114.105423478191,"(50.9182024162804, -114.105423478191)"
304,2018200517449,2018,200517449,39 ROYAL RIDGE TC NW,842500,RE,Residential,842500.0,,,ROY,ROYAL OAK,51.139623186674,-114.230089687756,"(51.139623186674, -114.230089687756)"
305,2018200522712,2018,200522712,31 PANATELLA GA NW,547000,RE,Residential,547000.0,,,PAN,PANORAMA HILLS,51.167201321366704,-114.071885144354,"(51.1672013213667, -114.071885144354)"
306,2018200540441,2018,200540441,241V 836 15 AV SW,26500,RE,Residential,26500.0,,,BLN,BELTLINE,51.039353685959505,-114.081241578097,"(51.0393536859595, -114.081241578097)"
307,2018200541779,2018,200541779,201V 836 15 AV SW,26500,RE,Residential,26500.0,,,BLN,BELTLINE,51.039353685959505,-114.081241578097,"(51.0393536859595, -114.081241578097)"
308,2018200545630,2018,200545630,302V 836 15 AV SW,26500,RE,Residential,26500.0,,,BLN,BELTLINE,51.039353685959505,-114.081241578097,"(51.0393536859595, -114.081241578097)"
309,2018200552453,2018,200552453,1108 SHERWOOD BV NW,521000,RE,Residential,521000.0,,,SHW,SHERWOOD,51.157773250119,-114.146370909426,"(51.157773250119, -114.146370909426)"
310,2018200562056,2018,200562056,83 COUGARSTONE CO SW,613500,RE,Residential,613500.0,,,CGR,COUGAR RIDGE,51.069190225947104,-114.22116478865499,"(51.0691902259471, -114.221164788655)"
311,2018200564094,2018,200564094,207 1029 14 AV SW,167500,RE,Residential,167500.0,,,BLN,BELTLINE,51.039898108949004,-114.08597066292,"(51.039898108949, -114.08597066292)"
312,2018200565653,2018,200565653,115 TUSCANY VISTA RD NW,567500,RE,Residential,567500.0,,,TUS,TUSCANY,51.1172049204374,-114.254568096248,"(51.1172049204374, -114.254568096248)"
313,2018200565810,2018,200565810,305 TUSCANY VISTA RD NW,569000,RE,Residential,569000.0,,,TUS,TUSCANY,51.1178684298011,-114.254791551274,"(51.1178684298011, -114.254791551274)"
314,2018200573632,2018,200573632,17 ASPEN RIDGE GA SW,2020000,RE,Residential,2020000.0,,,ASP,ASPEN WOODS,51.04190241201321,-114.19501279134701,"(51.0419024120132, -114.195012791347)"
315,2018200610624,2018,200610624,20 TUSCANY RIDGE WY NW,419000,RE,Residential,419000.0,,,TUS,TUSCANY,51.1258720010598,-114.253008610736,"(51.1258720010598, -114.253008610736)"
316,2018200619757,2018,200619757,11 ST MORITZ BA SW,716000,RE,Residential,716000.0,,,SPH,SPRINGBANK HILL,51.0358881888867,-114.212641080753,"(51.0358881888867, -114.212641080753)"
317,2018200620508,2018,200620508,63 CRANFIELD MR SE,480000,RE,Residential,480000.0,,,CRA,CRANSTON,50.8853993329012,-113.974804380607,"(50.8853993329012, -113.974804380607)"
318,2018200663920,2018,200663920,50V ERIN WOODS CO SE,10000,RE,Residential,10000.0,,,ERI,ERIN WOODS,51.01738602231979,-113.977264588716,"(51.0173860223198, -113.977264588716)"
319,2018200683027,2018,200683027,1118 2371 EVERSYDE AV SW,163000,RE,Residential,163000.0,,,EVE,EVERGREEN,50.90727688064901,-114.113914340776,"(50.907276880649, -114.113914340776)"
320,2018200693539,2018,200693539,100 CRAMOND GR SE,354500,RE,Residential,354500.0,,,CRA,CRANSTON,50.894090942504604,-113.97612036438998,"(50.8940909425046, -113.97612036439)"
321,2018200702090,2018,200702090,43 TUSCANY RIDGE CR NW,500000,RE,Residential,500000.0,,,TUS,TUSCANY,51.12736858475161,-114.255207739348,"(51.1273685847516, -114.255207739348)"
322,2018200707826,2018,200707826,216 EVERMEADOW AV SW,500000,RE,Residential,500000.0,,,EVE,EVERGREEN,50.91434454538779,-114.11994310999799,"(50.9143445453878, -114.119943109998)"
323,2018200713410,2018,200713410,129 SHERWOOD CI NW,621000,RE,Residential,621000.0,,,SHW,SHERWOOD,51.1613062600846,-114.15170409951,"(51.1613062600846, -114.15170409951)"
324,2018200758316,2018,200758316,407 1111 6 AV SW,213500,RE,Residential,213500.0,,,DNW,DOWNTOWN WEST END,51.047842752710295,-114.086672251553,"(51.0478427527103, -114.086672251553)"
325,2018200759157,2018,200759157,1132 8810 ROYAL BIRCH BV NW,213500,RE,Residential,213500.0,,,ROY,ROYAL OAK,51.149636902856905,-114.21554820393601,"(51.1496369028569, -114.215548203936)"
326,2018200761062,2018,200761062,76 BRIDLEMEADOWS CM SW,471000,RE,Residential,471000.0,,,BRI,BRIDLEWOOD,50.899240216084095,-114.11495739057301,"(50.8992402160841, -114.114957390573)"
327,2018200761443,2018,200761443,548 SADDLECREST BV NE,398500,RE,Residential,398500.0,,,SAD,SADDLE RIDGE,51.1367707889204,-113.93227216071301,"(51.1367707889204, -113.932272160713)"
328,2018200762755,2018,200762755,25 SADDLEBROOK CM NE,346000,RE,Residential,346000.0,,,SAD,SADDLE RIDGE,51.1374577625041,-113.93155928398501,"(51.1374577625041, -113.931559283985)"
329,2018200763274,2018,200763274,204V 8810 ROYAL BIRCH BV NW,10000,RE,Residential,10000.0,,,ROY,ROYAL OAK,51.149636902856905,-114.21554820393601,"(51.1496369028569, -114.215548203936)"
330,2018200766574,2018,200766574,3110 16320 24 ST SW,148500,RE,Residential,148500.0,,,BRI,BRIDLEWOOD,50.905717855011,-114.11553634870701,"(50.905717855011, -114.115536348707)"
331,2018200768422,2018,200768422,556 AUBURN BAY HT SE,468000,RE,Residential,468000.0,,,AUB,AUBURN BAY,50.8828537915656,-113.959607040425,"(50.8828537915656, -113.959607040425)"
332,2018200769412,2018,200769412,53 AUBURN SOUND CA SE,1210000,RE,Residential,1210000.0,,,AUB,AUBURN BAY,50.88578664567329,-113.96093345172,"(50.8857866456733, -113.96093345172)"
333,2018200779858,2018,200779858,104 1108 15 ST SW,234500,RE,Residential,234500.0,,,SNA,SUNALTA,51.04304119073711,-114.09638472011801,"(51.0430411907371, -114.096384720118)"
334,2018200780021,2018,200780021,307 1108 15 ST SW,243500,RE,Residential,243500.0,,,SNA,SUNALTA,51.04304119073711,-114.09638472011801,"(51.0430411907371, -114.096384720118)"
335,2018200803484,2018,200803484,95V 930 CENTRE AV NE,22000,RE,Residential,22000.0,,,BRD,BRIDGELAND/RIVERSIDE,51.0527224155369,-114.042358424899,"(51.0527224155369, -114.042358424899)"
336,2018200804318,2018,200804318,178V 910 CENTRE AV NE,22000,RE,Residential,22000.0,,,BRD,BRIDGELAND/RIVERSIDE,51.0527224155369,-114.042358424899,"(51.0527224155369, -114.042358424899)"
337,2018200810893,2018,200810893,169V 3111 34 AV NW,10000,RE,Residential,10000.0,,,VAR,VARSITY,51.0824862657771,-114.12776374663,"(51.0824862657771, -114.12776374663)"
338,2018200826006,2018,200826006,31 TARALAKE RD NE,426000,RE,Residential,426000.0,,,TAR,TARADALE,51.1197102812723,-113.931936248454,"(51.1197102812723, -113.931936248454)"
339,2018200834976,2018,200834976,8906 ROYAL OAK WY NW,336000,RE,Residential,336000.0,,,ROY,ROYAL OAK,51.1504181497619,-114.218459574552,"(51.1504181497619, -114.218459574552)"
340,2018200845261,2018,200845261,1107 920 5 AV SW,392000,RE,Residential,392000.0,,,DNC,DOWNTOWN COMMERCIAL CORE,51.04921294989101,-114.082147043505,"(51.049212949891, -114.082147043505)"
341,2018200864809,2018,200864809,205 2010 35 AV SW,268500,RE,Residential,268500.0,,,ALT,ALTADORE,51.0224737134064,-114.106965012579,"(51.0224737134064, -114.106965012579)"
342,2018200875672,2018,200875672,57 KINCORA GD NW,545000,RE,Residential,545000.0,,,KCA,KINCORA,51.1615263893457,-114.13461828014299,"(51.1615263893457, -114.134618280143)"
343,2018200878312,2018,200878312,115 KINCORA MR NW,538500,RE,Residential,538500.0,,,KCA,KINCORA,51.15745167322579,-114.13502129282601,"(51.1574516732258, -114.135021292826)"
344,2018200880763,2018,200880763,1017 TARADALE DR NE,394000,RE,Residential,394000.0,,,TAR,TARADALE,51.121055001304505,-113.928655830118,"(51.1210550013045, -113.928655830118)"
345,2018200892933,2018,200892933,14 WEST CEDAR RI SW,383500,RE,Residential,383500.0,,,WSP,WEST SPRINGS,51.0604207879359,-114.194436502339,"(51.0604207879359, -114.194436502339)"
346,2018200900223,2018,200900223,227V 1410 1 ST SE,26500,RE,Residential,26500.0,,,BLN,BELTLINE,51.039125207400396,-114.060367956824,"(51.0391252074004, -114.060367956824)"
347,2018200922615,2018,200922615,88 EVERRIDGE CM SW,340000,RE,Residential,340000.0,,,EVE,EVERGREEN,50.9092424309177,-114.121061934799,"(50.9092424309177, -114.121061934799)"
348,2018200939098,2018,200939098,178 AUBURN BAY CL SE,438000,RE,Residential,438000.0,,,AUB,AUBURN BAY,50.8845863938966,-113.957043552178,"(50.8845863938966, -113.957043552178)"
349,2018200946515,2018,200946515,27 COPPERSTONE WY SE,435000,RE,Residential,435000.0,,,CPF,COPPERFIELD,50.9157205863989,-113.93255274661101,"(50.9157205863989, -113.932552746611)"
350,2018200946929,2018,200946929,34 COPPERSTONE RD SE,419000,RE,Residential,419000.0,,,CPF,COPPERFIELD,50.91526606232679,-113.930742843389,"(50.9152660623268, -113.930742843389)"
351,2018200952562,2018,200952562,188V 55 SPRUCE PL SW,14500,RE,Residential,14500.0,,,SPR,SPRUCE CLIFF,51.0431012969131,-114.136874544979,"(51.0431012969131, -114.136874544979)"
352,2018201015161,2018,201015161,61 ASPEN SUMMIT DR SW,828000,RE,Residential,828000.0,,,ASP,ASPEN WOODS,51.040161085383,-114.203928154451,"(51.040161085383, -114.203928154451)"
353,2018201016219,2018,201016219,3401 5 ST NE,595000,RE,Residential,595000.0,,,WIN,WINSTON HEIGHTS/MOUNTVIEW,51.0826185823322,-114.051055240398,"(51.0826185823322, -114.051055240398)"
354,2018201019197,2018,201019197,107V 11811 LAKE FRASER DR SE,10000,RE,Residential,10000.0,,,LKB,LAKE BONAVISTA,50.9472606561461,-114.069125933384,"(50.9472606561461, -114.069125933384)"
355,2018201026804,2018,201026804,148 EVERRIDGE CM SW,320000,RE,Residential,320000.0,,,EVE,EVERGREEN,50.90860268337279,-114.122262162541,"(50.9086026833728, -114.122262162541)"
356,2018201034402,2018,201034402,343S 60 ROYAL OAK PZ NW,3050,RE,Residential,3050.0,,,ROY,ROYAL OAK,51.15023122943789,-114.214754064944,"(51.1502312294379, -114.214754064944)"
357,2018201038528,2018,201038528,79 PANAMOUNT CI NW,550500,RE,Residential,550500.0,,,PAN,PANORAMA HILLS,51.1586952742426,-114.08938136817,"(51.1586952742426, -114.08938136817)"
358,2018201044492,2018,201044492,109 ASPEN STONE PL SW,871500,RE,Residential,871500.0,,,ASP,ASPEN WOODS,51.045423377548,-114.211624797119,"(51.045423377548, -114.211624797119)"
359,2018201058088,2018,201058088,602 27 AV NE,1110000,RE,Residential,1110000.0,,,WIN,WINSTON HEIGHTS/MOUNTVIEW,51.077223806889705,-114.050615076807,"(51.0772238068897, -114.050615076807)"
360,2018201065182,2018,201065182,67V 8200 4 ST NE,10000,RE,Residential,10000.0,,,BED,BEDDINGTON HEIGHTS,51.126314685059796,-114.05443380638901,"(51.1263146850598, -114.054433806389)"
361,2018201071750,2018,201071750,215 NEW BRIGHTON DR SE,458000,RE,Residential,458000.0,,,NEB,NEW BRIGHTON,50.924440949928204,-113.954774051356,"(50.9244409499282, -113.954774051356)"
362,2018201083243,2018,201083243,295 COVECREEK CL NE,410000,RE,Residential,410000.0,,,COV,COVENTRY HILLS,51.17182595278071,-114.053172016997,"(51.1718259527807, -114.053172016997)"
363,2018201091550,2018,201091550,24 PANATELLA ST NW,296500,RE,Residential,296500.0,,,PAN,PANORAMA HILLS,51.163754786572596,-114.090717003395,"(51.1637547865726, -114.090717003395)"
364,2018201097243,2018,201097243,567 KINCORA DR NW,553500,RE,Residential,553500.0,,,KCA,KINCORA,51.1593727923306,-114.13900057477899,"(51.1593727923306, -114.139000574779)"
365,2018201108099,2018,201108099,236 SILVERADO DR SW,378000,RE,Residential,378000.0,,,SVO,SILVERADO,50.8817008110852,-114.07803060354901,"(50.8817008110852, -114.078030603549)"
366,2018201112638,2018,201112638,157 EVEROAK PA SW,562500,RE,Residential,562500.0,,,EVE,EVERGREEN,50.916788009660394,-114.114883234787,"(50.9167880096604, -114.114883234787)"
367,2018201153327,2018,201153327,98 SILVERADO PLAINS CI SW,341000,RE,Residential,341000.0,,,SVO,SILVERADO,50.8808686109947,-114.079855784274,"(50.8808686109947, -114.079855784274)"
368,2018201159068,2018,201159068,308 4 HEMLOCK CR SW,377500,RE,Residential,377500.0,,,SPR,SPRUCE CLIFF,51.0479027445625,-114.132391542868,"(51.0479027445625, -114.132391542868)"
369,2018201162807,2018,201162807,220 PANORA CL NW,489500,RE,Residential,489500.0,,,PAN,PANORAMA HILLS,51.1663088901404,-114.095642799956,"(51.1663088901404, -114.095642799956)"
370,2018201174273,2018,201174273,45V 3101 34 AV NW,10000,RE,Residential,10000.0,,,VAR,VARSITY,51.0828062332682,-114.12688740773199,"(51.0828062332682, -114.126887407732)"
371,2018201174315,2018,201174315,49S 3101 34 AV NW,3050,RE,Residential,3050.0,,,VAR,VARSITY,51.0828062332682,-114.12688740773199,"(51.0828062332682, -114.126887407732)"
372,2018201182250,2018,201182250,7 ELVEDEN PL SW,2060000,RE,Residential,2060000.0,,,SPH,SPRINGBANK HILL,51.0284226616811,-114.194238208298,"(51.0284226616811, -114.194238208298)"
373,2018201188836,2018,201188836,48 SILVERADO RIDGE CR SW,535000,RE,Residential,535000.0,,,SVO,SILVERADO,50.887527772125,-114.087116061869,"(50.887527772125, -114.087116061869)"
374,2018201193935,2018,201193935,1001 910 5 AV SW,294500,RE,Residential,294500.0,,,DNC,DOWNTOWN COMMERCIAL CORE,51.0491953862234,-114.081511147125,"(51.0491953862234, -114.081511147125)"
375,2018201203346,2018,201203346,29 KINCORA GLEN RI NW,640000,RE,Residential,640000.0,,,KCA,KINCORA,51.1630975468408,-114.135360347702,"(51.1630975468408, -114.135360347702)"
376,2018201204807,2018,201204807,63 SILVERADO SKIES BA SW,578000,RE,Residential,578000.0,,,SVO,SILVERADO,50.889806901278604,-114.08540068599301,"(50.8898069012786, -114.085400685993)"
377,2018201210762,2018,201210762,11 115 23 AV SW,122500,RE,Residential,122500.0,,,MIS,MISSION,51.032041601591104,-114.06555694904499,"(51.0320416015911, -114.065556949045)"
378,2018201217585,2018,201217585,784V 11811 LAKE FRASER DR SE,10000,RE,Residential,10000.0,,,LKB,LAKE BONAVISTA,50.9472606561461,-114.069125933384,"(50.9472606561461, -114.069125933384)"
379,2018201265824,2018,201265824,732V 69 COUNTRY VILLAGE MR NE,10000,RE,Residential,10000.0,,,CHV,COUNTRY HILLS VILLAGE,51.16187807954449,-114.05829383902201,"(51.1618780795445, -114.058293839022)"
380,2018201296134,2018,201296134,317V 433 11 AV SE,26500,RE,Residential,26500.0,,,BLN,BELTLINE,51.041830043946895,-114.053965091886,"(51.0418300439469, -114.053965091886)"
381,2018201301124,2018,201301124,202 90 PANATELLA LD NW,217500,RE,Residential,217500.0,,,PAN,PANORAMA HILLS,51.164043087680206,-114.092586456499,"(51.1640430876802, -114.092586456499)"
382,2018201334646,2018,201334646,198 SILVERADO BANK CI SW,549500,RE,Residential,549500.0,,,SVO,SILVERADO,50.8828291674121,-114.08264755313499,"(50.8828291674121, -114.082647553135)"
383,2018201337045,2018,201337045,983V 11811 LAKE FRASER DR SE,10000,RE,Residential,10000.0,,,LKB,LAKE BONAVISTA,50.9472606561461,-114.069125933384,"(50.9472606561461, -114.069125933384)"
384,2018201341641,2018,201341641,4635 20 AV NW,689500,RE,Residential,689500.0,,,MON,MONTGOMERY,51.0734058959699,-114.158387084151,"(51.0734058959699, -114.158387084151)"
385,2018201355393,2018,201355393,20V 2210 17B ST SW,14500,RE,Residential,14500.0,,,BNK,BANKVIEW,51.0346868612819,-114.101945124415,"(51.0346868612819, -114.101945124415)"
386,2018201356623,2018,201356623,53 WEST COACH PL SW,594500,RE,Residential,594500.0,,,WSP,WEST SPRINGS,51.0659727852428,-114.217823206529,"(51.0659727852428, -114.217823206529)"
387,2018201362993,2018,201362993,77 EVERGREEN MT SW,1880000,RE,Residential,1880000.0,,,EVE,EVERGREEN,50.922212469526606,-114.109311707282,"(50.9222124695266, -114.109311707282)"
388,2018201364536,2018,201364536,705 812 14 AV SW,222000,RE,Residential,222000.0,,,BLN,BELTLINE,51.040272656011496,-114.080197574913,"(51.0402726560115, -114.080197574913)"
389,2018201374345,2018,201374345,403V 210 15 AV SE,26500,RE,Residential,26500.0,,,BLN,BELTLINE,51.0388586787871,-114.060308428908,"(51.0388586787871, -114.060308428908)"
390,2018201388055,2018,201388055,187 SKYVIEW RANCH RD NE,339000,RE,Residential,339000.0,,,SKR,SKYVIEW RANCH,51.1625869516828,-113.959089143994,"(51.1625869516828, -113.959089143994)"
391,2018201400611,2018,201400611,1413 815 4 AV SW,127500,RE,Residential,127500.0,,,DNC,DOWNTOWN COMMERCIAL CORE,51.0495256311855,-114.07933462866801,"(51.0495256311855, -114.079334628668)"
392,2018201413564,2018,201413564,27 COPPERPOND TC SE,499500,RE,Residential,499500.0,,,CPF,COPPERFIELD,50.9217014040367,-113.922531421231,"(50.9217014040367, -113.922531421231)"
393,2018201430287,2018,201430287,1402 135 13 AV SW,312000,RE,Residential,312000.0,,,BLN,BELTLINE,51.0402550792451,-114.06545148485,"(51.0402550792451, -114.06545148485)"
394,2018201439643,2018,201439643,640 13 AV NE,660500,RE,Residential,660500.0,,,REN,RENFREW,51.06442304247021,-114.048637460859,"(51.0644230424702, -114.048637460859)"
395,2018201454592,2018,201454592,327V 211 13 AV SW,26500,RE,Residential,26500.0,,,BLN,BELTLINE,51.040275099759505,-114.066636119636,"(51.0402750997595, -114.066636119636)"
396,2018201458692,2018,201458692,17V 33 6A ST NE,22000,RE,Residential,22000.0,,,BRD,BRIDGELAND/RIVERSIDE,51.05103545094621,-114.047416164934,"(51.0510354509462, -114.047416164934)"
397,2018201466109,2018,201466109,60 MAHOGANY HE SE,563000,RE,Residential,563000.0,,,MAH,MAHOGANY,50.901334177090504,-113.938274415939,"(50.9013341770905, -113.938274415939)"
398,2018201483450,2018,201483450,134 2727 28 AV SE,213000,RE,Residential,213000.0,,,DOV,DOVER,51.0282767467521,-113.99417021521299,"(51.0282767467521, -113.994170215213)"
399,2018201498375,2018,201498375,109 KINCORA GLEN RI NW,608500,RE,Residential,608500.0,,,KCA,KINCORA,51.1628516121554,-114.13837758275,"(51.1628516121554, -114.13837758275)"
400,2018201508843,2018,201508843,353S 35 INGLEWOOD PA SE,3050,RE,Residential,3050.0,,,ING,INGLEWOOD,51.038420538423395,-114.01675461974399,"(51.0384205384234, -114.016754619744)"
401,2018201523065,2018,201523065,203 10 SHAWNEE HL SW,237500,RE,Residential,237500.0,,,SHS,SHAWNEE SLOPES,50.921968863432895,-114.075548292014,"(50.9219688634329, -114.075548292014)"
402,2018201545035,2018,201545035,2806 24 ST NW,889500,RE,Residential,889500.0,,,BNF,BANFF TRAIL,51.077205002676294,-114.117657498577,"(51.0772050026763, -114.117657498577)"
403,2018201575081,2018,201575081,3306 16969 24 ST SW,208500,RE,Residential,208500.0,,,BRI,BRIDLEWOOD,50.90034210604551,-114.119505569265,"(50.9003421060455, -114.119505569265)"
404,2018201587524,2018,201587524,3201 211 13 AV SE,521500,RE,Residential,521500.0,,,BLN,BELTLINE,51.040092782438094,-114.06022745452101,"(51.0400927824381, -114.060227454521)"
405,2018201595576,2018,201595576,102 AUBURN SHORES CR SE,542500,RE,Residential,542500.0,,,AUB,AUBURN BAY,50.8871242091558,-113.95386588713998,"(50.8871242091558, -113.95386588714)"
406,2018201601465,2018,201601465,643 AUBURN BAY BV SE,354000,RE,Residential,354000.0,,,AUB,AUBURN BAY,50.8915464283264,-113.969235328317,"(50.8915464283264, -113.969235328317)"
407,2018201607744,2018,201607744,2 SILVERADO PLAINS CM SW,541500,RE,Residential,541500.0,,,SVO,SILVERADO,50.8791303782897,-114.086526178116,"(50.8791303782897, -114.086526178116)"
408,2018201611951,2018,201611951,29 PANTON VW NW,400000,RE,Residential,400000.0,,,PAN,PANORAMA HILLS,51.1708477919768,-114.084669022321,"(51.1708477919768, -114.084669022321)"
409,2018201647435,2018,201647435,162 PANORA CO NW,593500,RE,Residential,593500.0,,,PAN,PANORAMA HILLS,51.168533710515796,-114.09920510976002,"(51.1685337105158, -114.09920510976)"
410,2018201669033,2018,201669033,102 ASCOT CR SW,782500,RE,Residential,782500.0,,,ASP,ASPEN WOODS,51.0519973574045,-114.22138417885,"(51.0519973574045, -114.22138417885)"
411,2018201675477,2018,201675477,76 PANTON HT NW,612500,RE,Residential,612500.0,,,PAN,PANORAMA HILLS,51.16982532994061,-114.08029973064801,"(51.1698253299406, -114.080299730648)"
412,2018201687928,2018,201687928,1121 222 RIVERFRONT AV SW,648500,RE,Residential,648500.0,,,CHN,CHINATOWN,51.052921271212796,-114.067139090981,"(51.0529212712128, -114.067139090981)"
413,2018201711173,2018,201711173,209 3950 46 AV NW,283000,RE,Residential,283000.0,,,VAR,VARSITY,51.0937643640005,-114.144191781597,"(51.0937643640005, -114.144191781597)"
414,2018201722634,2018,201722634,1181 EVANSTON DR NW,444500,RE,Residential,444500.0,,,EVN,EVANSTON,51.1789931858285,-114.10619169578999,"(51.1789931858285, -114.10619169579)"
415,2018201730207,2018,201730207,85 PANTON WY NW,484500,RE,Residential,484500.0,,,PAN,PANORAMA HILLS,51.1697444977217,-114.087121913956,"(51.1697444977217, -114.087121913956)"
416,2018201766649,2018,201766649,208 EVANSFIELD WY NW,547500,RE,Residential,547500.0,,,EVN,EVANSTON,51.177437045116704,-114.111589050257,"(51.1774370451167, -114.111589050257)"
417,2018201783289,2018,201783289,179 MARQUIS CM SE,502000,RE,Residential,502000.0,,,MAH,MAHOGANY,50.90444445029679,-113.924406659637,"(50.9044444502968, -113.924406659637)"
418,2018201788098,2018,201788098,196V 279 COPPERPOND CM SE,10000,RE,Residential,10000.0,,,CPF,COPPERFIELD,50.9256041925862,-113.93253607070801,"(50.9256041925862, -113.932536070708)"
419,2018201792769,2018,201792769,2205 1111 10 ST SW,343000,RE,Residential,343000.0,,,BLN,BELTLINE,51.042362698851996,-114.08695341436301,"(51.042362698852, -114.086953414363)"
420,2018201813656,2018,201813656,66 NOLANFIELD RD NW,471000,RE,Residential,471000.0,,,NOL,NOLAN HILL,51.17281006099849,-114.158367042393,"(51.1728100609985, -114.158367042393)"
421,2018201818432,2018,201818432,805 EVANSTON DR NW,476000,RE,Residential,476000.0,,,EVN,EVANSTON,51.1799722931631,-114.119359831284,"(51.1799722931631, -114.119359831284)"
422,2018201840923,2018,201840923,461 SADDLELAKE DR NE,638500,RE,Residential,638500.0,,,SAD,SADDLE RIDGE,51.1323744040134,-113.933817423029,"(51.1323744040134, -113.933817423029)"
423,2018201846771,2018,201846771,2318 1 AV NW,1370000,RE,Residential,1370000.0,,,WHL,WEST HILLHURST,51.05371019527289,-114.114011666096,"(51.0537101952729, -114.114011666096)"
424,2018201851482,2018,201851482,485V 7130 80 AV NE,10000,RE,Residential,10000.0,,,SAD,SADDLE RIDGE,51.1254612214507,-113.93381808084,"(51.1254612214507, -113.93381808084)"
425,2018201863081,2018,201863081,63 CRANARCH TC SE,859500,RE,Residential,859500.0,,,CRA,CRANSTON,50.86847638549,-113.972894314147,"(50.86847638549, -113.972894314147)"
426,2018201863776,2018,201863776,72 CRANARCH TC SE,582500,RE,Residential,582500.0,,,CRA,CRANSTON,50.8689450142373,-113.97231418099399,"(50.8689450142373, -113.972314180994)"
427,2018201870995,2018,201870995,104 7110 80 AV NE,181000,RE,Residential,181000.0,,,SAD,SADDLE RIDGE,51.125907637367,-113.934120305854,"(51.125907637367, -113.934120305854)"
428,2018201871100,2018,201871100,221 7110 80 AV NE,185500,RE,Residential,185500.0,,,SAD,SADDLE RIDGE,51.125907637367,-113.934120305854,"(51.125907637367, -113.934120305854)"
429,2018201871316,2018,201871316,317 7110 80 AV NE,177500,RE,Residential,177500.0,,,SAD,SADDLE RIDGE,51.125907637367,-113.934120305854,"(51.125907637367, -113.934120305854)"
430,2018201871811,2018,201871811,585V 7110 80 AV NE,10000,RE,Residential,10000.0,,,SAD,SADDLE RIDGE,51.125907637367,-113.934120305854,"(51.125907637367, -113.934120305854)"
431,2018201908837,2018,201908837,437 130 NEW BRIGHTON WY SE,323000,RE,Residential,323000.0,,,NEB,NEW BRIGHTON,50.9149309453653,-113.94104029858102,"(50.9149309453653, -113.941040298581)"
432,2018201924818,2018,201924818,129 AUBURN SOUND CL SE,756000,RE,Residential,756000.0,,,AUB,AUBURN BAY,50.8946237974428,-113.962478437855,"(50.8946237974428, -113.962478437855)"
433,2018201932555,2018,201932555,72 EVANSRIDGE CO NW,373500,RE,Residential,373500.0,,,EVN,EVANSTON,51.1729947732197,-114.119772412607,"(51.1729947732197, -114.119772412607)"
434,2018201934874,2018,201934874,206 626 14 AV SW,295000,RE,Residential,295000.0,,,BLN,BELTLINE,51.04013950482389,-114.07549570104601,"(51.0401395048239, -114.075495701046)"
435,2018201937026,2018,201937026,233V 626 14 AV SW,26500,RE,Residential,26500.0,,,BLN,BELTLINE,51.04013950482389,-114.07549570104601,"(51.0401395048239, -114.075495701046)"
436,2018201956596,2018,201956596,168V 1500 7 ST SW,26500,RE,Residential,26500.0,,,BLN,BELTLINE,51.03875035541449,-114.07892842475799,"(51.0387503554145, -114.078928424758)"
437,2018201956927,2018,201956927,201V 1500 7 ST SW,26500,RE,Residential,26500.0,,,BLN,BELTLINE,51.03875035541449,-114.07892842475799,"(51.0387503554145, -114.078928424758)"
438,2018202000873,2018,202000873,18 PANTON BA NW,729000,RE,Residential,729000.0,,,PAN,PANORAMA HILLS,51.171862575614206,-114.08343547310301,"(51.1718625756142, -114.083435473103)"
439,2018202014767,2018,202014767,302 12 AV NE,484500,RE,Residential,484500.0,,,CRE,CRESCENT HEIGHTS,51.063574046643296,-114.057369831194,"(51.0635740466433, -114.057369831194)"
440,2018202022224,2018,202022224,270V 2300 EVANSTON SQ NW,10000,RE,Residential,10000.0,,,EVN,EVANSTON,51.1730570006359,-114.116655515776,"(51.1730570006359, -114.116655515776)"
441,2018202025854,2018,202025854,16 COPPERPOND LN SE,532000,RE,Residential,532000.0,,,CPF,COPPERFIELD,50.9183114856161,-113.919288283538,"(50.9183114856161, -113.919288283538)"
442,2018202027066,2018,202027066,601 1320 1 ST SE,250500,RE,Residential,250500.0,,,BLN,BELTLINE,51.0396586221537,-114.06026019685801,"(51.0396586221537, -114.060260196858)"
443,2018202027306,2018,202027306,805 1320 1 ST SE,250500,RE,Residential,250500.0,,,BLN,BELTLINE,51.0396586221537,-114.06026019685801,"(51.0396586221537, -114.060260196858)"
444,2018202057287,2018,202057287,3201 175 SILVERADO BV SW,262000,RE,Residential,262000.0,,,SVO,SILVERADO,50.8860769630336,-114.080151747602,"(50.8860769630336, -114.080151747602)"
445,2018202069837,2018,202069837,209 AUBURN SHORES WY SE,621500,RE,Residential,621500.0,,,AUB,AUBURN BAY,50.8903844947704,-113.95361854782499,"(50.8903844947704, -113.953618547825)"
446,2018202071494,2018,202071494,3412 755 COPPERPOND BV SE,224500,RE,Residential,224500.0,,,CPF,COPPERFIELD,50.92104071026979,-113.91893175351002,"(50.9210407102698, -113.91893175351)"
447,2018202082533,2018,202082533,201 WALDEN PR SE,378000,RE,Residential,378000.0,,,WAL,WALDEN,50.86757556639321,-114.03484034316799,"(50.8675755663932, -114.034840343168)"
448,2018202082962,2018,202082962,26 LEGACY LN SE,528000,RE,Residential,528000.0,,,LEG,LEGACY,50.8570762729967,-114.018172838362,"(50.8570762729967, -114.018172838362)"
449,2018202083267,2018,202083267,33 LEGACY LN SE,503500,RE,Residential,503500.0,,,LEG,LEGACY,50.8567957954315,-114.018846720433,"(50.8567957954315, -114.018846720433)"
450,2018202095923,2018,202095923,755 MAHOGANY BV SE,437000,RE,Residential,437000.0,,,MAH,MAHOGANY,50.8996421528577,-113.90978120144199,"(50.8996421528577, -113.909781201442)"
451,2018202098190,2018,202098190,8025 MASTERS BV SE,383000,RE,Residential,383000.0,,,MAH,MAHOGANY,50.8950411412038,-113.917423198964,"(50.8950411412038, -113.917423198964)"
452,2018202104824,2018,202104824,247V 240 SKYVIEW RANCH RD NE,10000,RE,Residential,10000.0,,,SKR,SKYVIEW RANCH,51.1640997831867,-113.955536260012,"(51.1640997831867, -113.955536260012)"
453,2018202107520,2018,202107520,320 25 AV SW,1620000,RE,Residential,1620000.0,,,MIS,MISSION,51.0308157039009,-114.070237929028,"(51.0308157039009, -114.070237929028)"
454,2018202126298,2018,202126298,811 20A AV NE,1060000,RE,Residential,1060000.0,,,WIN,WINSTON HEIGHTS/MOUNTVIEW,51.0708648395726,-114.046329477545,"(51.0708648395726, -114.046329477545)"
455,2018202126413,2018,202126413,534 CRANFORD DR SE,384000,RE,Residential,384000.0,,,CRA,CRANSTON,50.870266442795,-113.970415855261,"(50.870266442795, -113.970415855261)"
456,2018202131538,2018,202131538,2101 11 MAHOGANY RO SE,234000,RE,Residential,234000.0,,,MAH,MAHOGANY,50.897791142139305,-113.937790384277,"(50.8977911421393, -113.937790384277)"
457,2018202155719,2018,202155719,64 LEGACY REACH MR SE,442500,RE,Residential,442500.0,,,LEG,LEGACY,50.8621877589493,-114.00750921181299,"(50.8621877589493, -114.007509211813)"
458,2018202191854,2018,202191854,88 DIEPPE DR SW,627000,RE,Residential,627000.0,,,CUR,CURRIE BARRACKS,51.017409250145995,-114.12949646579399,"(51.017409250146, -114.129496465794)"
459,2018202195434,2018,202195434,316 15233 1 ST SE,244500,RE,Residential,244500.0,,,MID,MIDNAPORE,50.9166974193775,-114.06610207791,"(50.9166974193775, -114.06610207791)"
460,2018202198602,2018,202198602,132V 1150 3 ST SE,26500,RE,Residential,26500.0,,,BLN,BELTLINE,51.041669536857604,-114.055284267297,"(51.0416695368576, -114.055284267297)"
461,2018202214144,2018,202214144,20 LEGACY MR SE,202500,RE,Residential,202500.0,,,LEG,LEGACY,50.8574824790238,-114.01280364771699,"(50.8574824790238, -114.012803647717)"
462,2018202222451,2018,202222451,135V 26 BRENTWOOD CM NW,10000,RE,Residential,10000.0,,,BRE,BRENTWOOD,51.08728160666929,-114.128345743098,"(51.0872816066693, -114.128345743098)"
463,2018202234993,2018,202234993,101 6703 NEW BRIGHTON AV SE,227500,RE,Residential,227500.0,,,NEB,NEW BRIGHTON,50.921772370558,-113.93400808453698,"(50.921772370558, -113.934008084537)"
464,2018202244182,2018,202244182,176 SAVANNA RD NE,344000,RE,Residential,344000.0,,,SAD,SADDLE RIDGE,51.1343477461172,-113.955361090609,"(51.1343477461172, -113.955361090609)"
465,2018202269742,2018,202269742,3401 522 CRANFORD DR SE,246000,RE,Residential,246000.0,,,CRA,CRANSTON,50.8692606545294,-113.970207330458,"(50.8692606545294, -113.970207330458)"
466,2018202279238,2018,202279238,483V 81 LEGACY BV SE,10000,RE,Residential,10000.0,,,LEG,LEGACY,50.8625703957514,-114.024248760143,"(50.8625703957514, -114.024248760143)"
467,2018202293809,2018,202293809,515V 901 10 AV SW,26500,RE,Residential,26500.0,,,BLN,BELTLINE,51.0435392666328,-114.08194513086599,"(51.0435392666328, -114.081945130866)"
468,2018202331450,2018,202331450,481V 20 SAGE HILL TC NW,10000,RE,Residential,10000.0,,,SGH,SAGE HILL,51.17185804820029,-114.13772800415899,"(51.1718580482003, -114.137728004159)"
469,2018202337051,2018,202337051,122 CITYSCAPE WY NE,508000,RE,Residential,508000.0,,,CSC,CITYSCAPE,51.1494574870607,-113.96247037804599,"(51.1494574870607, -113.962470378046)"
470,2018202354817,2018,202354817,236 SADDLESTONE GV NE,184500,RE,Residential,184500.0,,,SAD,SADDLE RIDGE,51.1284258627686,-113.924018339527,"(51.1284258627686, -113.924018339527)"
471,2018202358636,2018,202358636,207 145 BURMA STAR RD SW,352500,RE,Residential,352500.0,,,CUR,CURRIE BARRACKS,51.0168020796522,-114.129132321386,"(51.0168020796522, -114.129132321386)"
472,2018202362646,2018,202362646,212 TUSCANY VALLEY GR NW,566000,RE,Residential,566000.0,,,TUS,TUSCANY,51.1309666180313,-114.25074075817601,"(51.1309666180313, -114.250740758176)"
473,2018202366134,2018,202366134,303 730 5 ST NE,304000,RE,Residential,304000.0,,,REN,RENFREW,51.05815641475449,-114.050080640506,"(51.0581564147545, -114.050080640506)"
474,2018202383188,2018,202383188,260V 1501 6 ST SW,26500,RE,Residential,26500.0,,,BLN,BELTLINE,51.0387024872439,-114.077244512875,"(51.0387024872439, -114.077244512875)"
475,2018202396008,2018,202396008,68 HOWSE MR NE,513500,RE,Residential,513500.0,,,LIV,LIVINGSTON,51.185891059322,-114.06112130384899,"(51.185891059322, -114.061121303849)"
476,2018202405759,2018,202405759,5 324 4 AV NE,157000,RE,Residential,157000.0,,,CRE,CRESCENT HEIGHTS,51.056427147001706,-114.056308917194,"(51.0564271470017, -114.056308917194)"
477,2018202416301,2018,202416301,36V 930 6 AV SW,34000,RE,Residential,34000.0,,,DNC,DOWNTOWN COMMERCIAL CORE,51.04826202783111,-114.082425825508,"(51.0482620278311, -114.082425825508)"
478,2018202423299,2018,202423299,326V 215 LEGACY BV SE,10000,RE,Residential,10000.0,,,LEG,LEGACY,50.85991035090571,-114.02247403507499,"(50.8599103509057, -114.022474035075)"
479,2018202431870,2018,202431870,3920 1 ST NW,642500,RE,Residential,642500.0,,,HPK,HIGHLAND PARK,51.0877928261636,-114.064847541208,"(51.0877928261636, -114.064847541208)"
480,2018202436788,2018,202436788,403V 1010 6 ST SW,26500,RE,Residential,26500.0,,,BLN,BELTLINE,51.043417447618296,-114.07608118518299,"(51.0434174476183, -114.076081185183)"
481,2018202461943,2018,202461943,41 LEGACY GLEN WY SE,148000,RE,Residential,148000.0,,,LEG,LEGACY,50.8569923179805,-114.00094561801201,"(50.8569923179805, -114.000945618012)"
482,2018202464343,2018,202464343,2305 95 BURMA STAR RD SW,457500,RE,Residential,457500.0,,,CUR,CURRIE BARRACKS,51.015758796102396,-114.129949556964,"(51.0157587961024, -114.129949556964)"
483,2018202479358,2018,202479358,481 LIVINGSTON VW NE,161000,RE,Residential,161000.0,,,LIV,LIVINGSTON,51.1904189283437,-114.06247611135299,"(51.1904189283437, -114.062476111353)"
484,2018381002302,2018,381002302,3650 SAGE HILL DR NW,9720000,RE,Residential,9720000.0,,,SGH,SAGE HILL,51.1742782443812,-114.13744719826799,"(51.1742782443812, -114.137447198268)"
485,2018414027003,2018,414027003,275 COVENTRY CL NE,352000,RE,Residential,352000.0,,,COV,COVENTRY HILLS,51.1565734437449,-114.045110358519,"(51.1565734437449, -114.045110358519)"
486,2018415045509,2018,415045509,4 COVENTRY WY NE,354000,RE,Residential,354000.0,,,COV,COVENTRY HILLS,51.1616005228121,-114.05413373493299,"(51.1616005228121, -114.054133734933)"
487,2018438042103,2018,438042103,250 ROCKY RIDGE CV NW,457500,RE,Residential,457500.0,,,ROC,ROCKY RIDGE,51.1446526190111,-114.238808625315,"(51.1446526190111, -114.238808625315)"
488,2018439062704,2018,439062704,35 ROYAL BIRCH RD NW,405500,RE,Residential,405500.0,,,ROY,ROYAL OAK,51.143352644298496,-114.213977344581,"(51.1433526442985, -114.213977344581)"
489,2018441038403,2018,441038403,195 CITADEL MR NW,436500,RE,Residential,436500.0,,,CIT,CITADEL,51.1425936141669,-114.177366093927,"(51.1425936141669, -114.177366093927)"
490,2018441074200,2018,441074200,154 HAMPSHIRE GV NW,724000,RE,Residential,724000.0,,,HAM,HAMPTONS,51.1418865361123,-114.164355301722,"(51.1418865361123, -114.164355301722)"
491,2018441081007,2018,441081007,141 CITADEL CI NW,445500,RE,Residential,445500.0,,,CIT,CITADEL,51.1431849314919,-114.16907242250299,"(51.1431849314919, -114.169072422503)"
492,2018443152707,2018,443152707,532 HAMPTONS DR NW,681000,RE,Residential,681000.0,,,HAM,HAMPTONS,51.144433395546706,-114.13570692122101,"(51.1444333955467, -114.135706921221)"
493,2018443176904,2018,443176904,11205 HIDDEN VALLEY DR NW,421500,RE,Residential,421500.0,,,HID,HIDDEN VALLEY,51.14884543939571,-114.127515135205,"(51.1488454393957, -114.127515135205)"
494,2018444013700,2018,444013700,151 MACEWAN VALLEY ME NW,484000,RE,Residential,484000.0,,,MAC,MACEWAN GLEN,51.142146344721496,-114.11070510541501,"(51.1421463447215, -114.110705105415)"
495,2018444116107,2018,444116107,10872 HIDDEN VALLEY DR NW,321500,RE,Residential,321500.0,,,HID,HIDDEN VALLEY,51.1518387394738,-114.11243829212499,"(51.1518387394738, -114.112438292125)"
496,2018444503189,2018,444503189,89 HIDDEN VALLEY VI NW,269000,RE,Residential,269000.0,,,HID,HIDDEN VALLEY,51.1525248575678,-114.10426942495,"(51.1525248575678, -114.10426942495)"
497,2018445126402,2018,445126402,151 PANORAMA HILLS MR NW,570000,RE,Residential,570000.0,,,PAN,PANORAMA HILLS,51.153876473952295,-114.08117638103701,"(51.1538764739523, -114.081176381037)"
498,2018446061608,2018,446061608,92 HARVEST OAK PL NE,431000,RE,Residential,431000.0,,,HAR,HARVEST HILLS,51.15287913091579,-114.060778493127,"(51.1528791309158, -114.060778493127)"
499,2018446071300,2018,446071300,48 HARVEST PARK RD NE,475500,RE,Residential,475500.0,,,HAR,HARVEST HILLS,51.1508097355931,-114.059204138179,"(51.1508097355931, -114.059204138179)"
500,2018446230500,2018,446230500,2036 COUNTRY HILLS CI NW,367500,RE,Residential,367500.0,,,COU,COUNTRY HILLS,51.14661202066689,-114.06675584803101,"(51.1466120206669, -114.066755848031)"
501,2018446250300,2018,446250300,68 COUNTRY HILLS GV NW,430000,RE,Residential,430000.0,,,COU,COUNTRY HILLS,51.149199774964295,-114.06670166938,"(51.1491997749643, -114.06670166938)"
502,2018487084808,2018,487084808,851 TUSCANY DR NW,508500,RE,Residential,508500.0,,,TUS,TUSCANY,51.120187397515494,-114.25247167531401,"(51.1201873975155, -114.252471675314)"
503,2018487093502,2018,487093502,9 TUSCANY MEADOWS CM NW,494500,RE,Residential,494500.0,,,TUS,TUSCANY,51.116967761079394,-114.24082172557199,"(51.1169677610794, -114.240821725572)"
504,2018488036807,2018,488036807,440 TARADALE DR NE,352000,RE,Residential,352000.0,,,TAR,TARADALE,51.114334095900404,-113.93006480097,"(51.1143340959004, -113.93006480097)"
505,2018507117703,2018,507117703,115 CORAL SPRINGS CO NE,396500,RE,Residential,396500.0,,,COR,CORAL SPRINGS,51.109131503462294,-113.92808580440399,"(51.1091315034623, -113.928085804404)"
506,2018507138907,2018,507138907,10 CORAL REEF CR NE,507000,RE,Residential,507000.0,,,COR,CORAL SPRINGS,51.108828146314295,-113.925721181768,"(51.1088281463143, -113.925721181768)"
507,2018522049709,2018,522049709,8 VALLEY CREST GD NW,626500,RE,Residential,626500.0,,,VAL,VALLEY RIDGE,51.092863472928705,-114.267189222068,"(51.0928634729287, -114.267189222068)"
508,2018543117600,2018,543117600,7189 CALIFORNIA BV NE,474500,RE,Residential,474500.0,,,MOR,MONTEREY PARK,51.0745418191527,-113.925932387941,"(51.0745418191527, -113.925932387941)"
509,2018560022709,2018,560022709,923 ABBEYDALE DR NE,302000,RE,Residential,302000.0,,,ABB,ABBEYDALE,51.0609298880589,-113.928181929343,"(51.0609298880589, -113.928181929343)"
510,2018579036104,2018,579036104,32 APPLECROFT RD SE,293000,RE,Residential,293000.0,,,APP,APPLEWOOD PARK,51.041069751226594,-113.92985848796499,"(51.0410697512266, -113.929858487965)"
511,2018579095902,2018,579095902,17 APPLEMONT PL SE,366000,RE,Residential,366000.0,,,APP,APPLEWOOD PARK,51.045029885760094,-113.92872695071999,"(51.0450298857601, -113.92872695072)"
512,2018711073106,2018,711073106,23 DOUGLAS RIDGE VW SE,422500,RE,Residential,422500.0,,,DDG,DOUGLASDALE/GLEN,50.9343148340489,-113.97960230046499,"(50.9343148340489, -113.979602300465)"
513,2018711121806,2018,711121806,2 PRESTWICK RI SE,392500,RE,Residential,392500.0,,,MCT,MCKENZIE TOWNE,50.9231510990133,-113.962964361163,"(50.9231510990133, -113.962964361163)"
514,2018730074002,2018,730074002,178 PRESTWICK LD SE,436500,RE,Residential,436500.0,,,MCT,MCKENZIE TOWNE,50.918083694134104,-113.968707305571,"(50.9180836941341, -113.968707305571)"
515,2018730082906,2018,730082906,402 INVERNESS PA SE,655000,RE,Residential,655000.0,,,MCT,MCKENZIE TOWNE,50.9104166782439,-113.96759360626801,"(50.9104166782439, -113.967593606268)"
516,2018754117505,2018,754117505,21 MT KIDD RD SE,514500,RE,Residential,514500.0,,,MCK,MCKENZIE LAKE,50.901977073497896,-113.996004948172,"(50.9019770734979, -113.996004948172)"
517,2018754120707,2018,754120707,64 MT KIDD PT SE,1030000,RE,Residential,1030000.0,,,MCK,MCKENZIE LAKE,50.9010340070965,-113.998310623888,"(50.9010340070965, -113.998310623888)"
518,2018754132900,2018,754132900,114 MT GIBRALTAR HT SE,522500,RE,Residential,522500.0,,,MCK,MCKENZIE LAKE,50.898446760737706,-113.99409000342399,"(50.8984467607377, -113.994090003424)"
519,2018756104600,2018,756104600,77 SUNSET WY SE,1340000,RE,Residential,1340000.0,,,SDC,SUNDANCE,50.900621664650295,-114.039293247573,"(50.9006216646503, -114.039293247573)"
520,2018756158606,2018,756158606,7 SUNLAKE WY SE,552500,RE,Residential,552500.0,,,SDC,SUNDANCE,50.8994654894812,-114.04718881500601,"(50.8994654894812, -114.047188815006)"
521,2018758068209,2018,758068209,20 SHAWFIELD WY SW,423000,RE,Residential,423000.0,,,SHN,SHAWNESSY,50.903830364546096,-114.084356610154,"(50.9038303645461, -114.084356610154)"
522,2018758072904,2018,758072904,38 SHAWFIELD CO SW,421500,RE,Residential,421500.0,,,SHN,SHAWNESSY,50.9040036543931,-114.087037650637,"(50.9040036543931, -114.087037650637)"
523,2018758126502,2018,758126502,109 SOMERSET DR SW,392000,RE,Residential,392000.0,,,SOM,SOMERSET,50.9005257106845,-114.08111179048599,"(50.9005257106845, -114.081111790486)"
524,2018758243208,2018,758243208,679 SOMERSET DR SW,461500,RE,Residential,461500.0,,,SOM,SOMERSET,50.8972470273415,-114.08671393763001,"(50.8972470273415, -114.08671393763)"
525,2018790502009,2018,790502009,44V 11 CHAPARRAL RIDGE DR SE,10000,RE,Residential,10000.0,,,CHA,CHAPARRAL,50.8853707079201,-114.023633199458,"(50.8853707079201, -114.023633199458)"
526,2018792011108,2018,792011108,49 CRANWELL PL SE,627000,RE,Residential,627000.0,,,CRA,CRANSTON,50.890634735435,-113.985367061181,"(50.890634735435, -113.985367061181)"
